PGA (g),PoE (IO CCP),PoE (IO Experimental),PoE (IO NBC 205 2024),PoE (LS CCP),PoE (LS Experimental),PoE (LS NBC 205 2024),PoE (CP CCP),PoE (CP Experimental),PoE (CP NBC 205 2024)
0,3.01E-181,1.53E-240,0,8.43E-190,1.98E-81,0,5.53E-133,9.30E-65,0
0.002002002002,6.39E-27,1.78E-39,6.12E-163,4.69E-32,1.05E-16,2.28E-114,1.92E-25,3.27E-15,4.60E-78
0.004004004004,8.04E-20,9.23E-30,2.98E-122,2.30E-24,2.48E-13,9.73E-89,6.07E-20,1.73E-12,6.53E-62
0.006006006006,3.32E-16,9.62E-25,3.42E-101,2.21E-20,1.49E-11,2.81E-75,4.67E-17,4.92E-11,2.37E-53
0.008008008008,7.05E-14,1.76E-21,1.77E-87,8.71E-18,2.24E-10,2.06E-66,3.70E-15,4.60E-10,1.12E-47
0.01001001001,3.28E-12,4.05E-19,1.54E-77,6.63E-16,1.64E-09,6.27E-60,9.07E-14,2.40E-09,1.68E-43
0.01201201201,6.17E-11,2.67E-17,7.12E-70,1.88E-14,7.71E-09,6.94E-55,1.09E-12,8.79E-09,3.09E-40
0.01401401401,6.40E-10,7.73E-16,1.04E-63,2.77E-13,2.71E-08,8.47E-51,8.17E-12,2.54E-08,1.40E-37
0.01601601602,4.36E-09,1.25E-14,1.31E-58,2.57E-12,7.78E-08,2.17E-47,4.38E-11,6.19E-08,2.35E-35
0.01801801802,2.19E-08,1.32E-13,2.73E-54,1.69E-11,1.91E-07,1.74E-44,1.83E-10,1.33E-07,1.88E-33
0.02002002002,8.70E-08,9.99E-13,1.43E-50,8.62E-11,4.17E-07,5.72E-42,6.34E-10,2.60E-07,8.52E-32
0.02202202202,2.87E-07,5.85E-12,2.52E-47,3.57E-10,8.30E-07,9.32E-40,1.89E-09,4.69E-07,2.46E-30
0.02402402402,8.20E-07,2.79E-11,1.86E-44,1.25E-09,1.53E-06,8.59E-38,4.97E-09,7.96E-07,4.92E-29
0.02602602603,2.07E-06,1.12E-10,6.66E-42,3.84E-09,2.65E-06,4.96E-36,1.18E-08,1.28E-06,7.28E-28
0.02802802803,4.75E-06,3.90E-10,1.32E-39,1.05E-08,4.37E-06,1.94E-34,2.59E-08,1.98E-06,8.38E-27
0.03003003003,1.00E-05,1.20E-09,1.57E-37,2.61E-08,6.87E-06,5.44E-33,5.29E-08,2.94E-06,7.79E-26
0.03203203203,1.96E-05,3.36E-09,1.22E-35,5.99E-08,1.04E-05,1.15E-31,1.02E-07,4.24E-06,6.03E-25
0.03403403403,3.62E-05,8.59E-09,6.53E-34,1.28E-07,1.53E-05,1.90E-30,1.85E-07,5.95E-06,3.98E-24
0.03603603604,6.33E-05,2.03E-08,2.53E-32,2.58E-07,2.18E-05,2.54E-29,3.23E-07,8.14E-06,2.29E-23
0.03803803804,0.0001057059769,4.51E-08,7.40E-31,4.91E-07,3.03E-05,2.81E-28,5.40E-07,1.09E-05,1.16E-22
0.04004004004,0.0001695197474,9.42E-08,1.69E-29,8.94E-07,4.13E-05,2.64E-27,8.73E-07,1.43E-05,5.31E-22
0.04204204204,0.000262246532,1.87E-07,3.08E-28,1.56E-06,5.50E-05,2.14E-26,1.37E-06,1.85E-05,2.20E-21
0.04404404404,0.0003929097464,3.53E-07,4.62E-27,2.62E-06,7.21E-05,1.52E-25,2.08E-06,2.36E-05,8.38E-21
0.04604604605,0.0005720591198,6.40E-07,5.80E-26,4.26E-06,9.30E-05,9.55E-25,3.08E-06,2.97E-05,2.95E-20
0.04804804805,0.0008117424014,1.12E-06,6.20E-25,6.71E-06,0.0001182489022,5.40E-24,4.47E-06,3.68E-05,9.66E-20
0.05005005005,0.001125428153,1.89E-06,5.74E-24,1.03E-05,0.0001483653212,2.77E-23,6.34E-06,4.52E-05,2.97E-19
0.05205205205,0.001527883268,3.09E-06,4.66E-23,1.54E-05,0.0001839444874,1.30E-22,8.84E-06,5.49E-05,8.62E-19
0.05405405405,0.002035010776,4.92E-06,3.36E-22,2.25E-05,0.0002255805995,5.63E-22,1.21E-05,6.61E-05,2.37E-18
0.05605605606,0.002663654823,7.62E-06,2.17E-21,3.23E-05,0.0002738842233,2.26E-21,1.63E-05,7.89E-05,6.21E-18
0.05805805806,0.003431380505,1.15E-05,1.26E-20,4.54E-05,0.0003294793084,8.49E-21,2.17E-05,9.35E-05,1.55E-17
0.06006006006,0.004356236508,1.71E-05,6.73E-20,6.27E-05,0.0003930002701,2.99E-20,2.84E-05,0.0001098379052,3.73E-17
0.06206206206,0.005456508367,2.48E-05,3.29E-19,8.52E-05,0.0004650891624,9.93E-20,3.67E-05,0.0001282215384,8.62E-17
0.06406406406,0.006750469687,3.54E-05,1.48E-18,0.0001140375872,0.0005463929618,3.12E-19,4.70E-05,0.0001487388385,1.92E-16
0.06606606607,0.008256137951,4.96E-05,6.22E-18,0.0001505734138,0.0006375609782,9.35E-19,5.94E-05,0.0001715261998,4.14E-16
0.06806806807,0.009991040675,6.83E-05,2.43E-17,0.0001962658688,0.0007392424029,2.67E-18,7.44E-05,0.000196720343,8.64E-16
0.07007007007,0.01197199671,9.28E-05,8.95E-17,0.0002527683267,0.0008520840036,7.29E-18,9.24E-05,0.0002244579903,1.75E-15
0.07207207207,0.01421491648,0.0001242883593,3.10E-16,0.0003219075883,0.00097672797,1.91E-17,0.000113686018,0.000254875562,3.46E-15
0.07407407407,0.01673462402,0.0001643148464,1.02E-15,0.000405684193,0.001113809912,4.83E-17,0.0001387351341,0.0002881088938,6.66E-15
0.07607607608,0.01954470275,0.0002146051437,3.16E-15,0.0005062707401,0.001263957015,1.18E-16,0.000168009018,0.0003242929754,1.25E-14
0.07807807808,0.022657366,0.0002771090727,9.38E-15,0.000626008249,0.001427786342,2.77E-16,0.000201997552,0.0003635617076,2.30E-14
0.08008008008,0.02608335281,0.0003540064212,2.66E-14,0.0007674006242,0.001605903291,6.31E-16,0.000241218731,0.0004060476802,4.14E-14
0.08208208208,0.02983184857,0.0004477121676,7.21E-14,0.0009331073235,0.001798900197,1.40E-15,0.0002862177208,0.0004518819668,7.29E-14
0.08408408408,0.03391042981,0.0005608791438,1.88E-13,0.001125934353,0.002007355074,3.00E-15,0.0003375657591,0.0005011939386,1.26E-13
0.08608608609,0.03832503187,0.0006963980327,4.71E-13,0.001348823732,0.002231830491,6.29E-15,0.0003958589136,0.0005541110936,2.14E-13
0.08808808809,0.04307993802,0.0008573946564,1.14E-12,0.001604841594,0.002472872584,1.28E-14,0.000461716713,0.0006107589027,3.58E-13
0.09009009009,0.04817778803,0.00104722456,2.67E-12,0.001897165091,0.002731010187,2.56E-14,0.0005357806657,0.0006712606709,5.87E-13
0.09209209209,0.05361960454,0.001269464944,6.03E-12,0.002229068291,0.003006754079,4.99E-14,0.0006187126807,0.0007357374121,9.51E-13
0.09409409409,0.05940483503,0.001527904048,1.33E-11,0.002603907243,0.003300596345,9.51E-14,0.0007111934074,0.0008043077382,1.52E-12
0.0960960961,0.06553140733,0.001826528122,2.83E-11,0.003025104402,0.003613009842,1.78E-13,0.0008139205073,0.0008770877601,2.38E-12
0.0980980981,0.07199579677,0.002169506157,5.86E-11,0.003496132595,0.003944447753,3.25E-13,0.0009276068725,0.0009541910013,3.70E-12
0.1001001001,0.07879310294,0.002561172588,1.19E-10,0.004020498699,0.004295343245,5.85E-13,0.001052978804,0.001035728322,5.67E-12
0.1021021021,0.08591713405,0.003006008177,2.34E-10,0.004601727209,0.004666109203,1.03E-12,0.001190774163,0.001121807856,8.59E-12
0.1041041041,0.09336049741,0.003508619342,4.50E-10,0.005243343834,0.005057138043,1.79E-12,0.001341740508,0.001212534951,1.29E-11
0.1061061061,0.1011146941,0.00407371617,8.47E-10,0.005948859297,0.005468801599,3.06E-12,0.001506633226,0.001308012128,1.90E-11
0.1081081081,0.1091702164,0.00470608938,1.56E-09,0.00672175345,0.005901451076,5.15E-12,0.001686213673,0.001408339039,2.79E-11
0.1101101101,0.1175166469,0.005410586503,2.82E-09,0.007565459828,0.006355417064,8.53E-12,0.00188124733,0.001513612439,4.04E-11
0.1121121121,0.1261427578,0.00619208754,4.98E-09,0.008483350769,0.006831009609,1.39E-11,0.00209250198,0.001623926166,5.81E-11
0.1141141141,0.135036609,0.007055480345,8.65E-09,0.009478723169,0.007328518332,2.25E-11,0.002320745925,0.00173937112,8.27E-11
0.1161161161,0.1441856452,0.008005635989,1.47E-08,0.01055478498,0.007848212597,3.58E-11,0.002566746238,0.001860035258,1.17E-10
0.1181181181,0.1535767898,0.009047384324,2.47E-08,0.01171464247,0.008390341721,5.62E-11,0.002831267063,0.001986003589,1.63E-10
0.1201201201,0.1631965359,0.01018548998,4.07E-08,0.01296128842,0.008955135217,8.72E-11,0.003115067966,0.002117358173,2.26E-10
0.1221221221,0.1730310338,0.01142462895,6.61E-08,0.01429759109,0.009542803077,1.34E-10,0.003418902346,0.002254178134,3.11E-10
0.1241241241,0.1830661738,0.01276936607,1.06E-07,0.01572628424,0.01015353608,2.03E-10,0.003743515902,0.002396539664,4.25E-10
0.1261261261,0.1932876654,0.01422413331,1.66E-07,0.01724995803,0.01078750613,3.05E-10,0.004089645167,0.002544516043,5.77E-10
0.1281281281,0.2036811106,0.01579320934,2.58E-07,0.0188710509,0.01144486661,4.53E-10,0.004458016112,0.002698177656,7.76E-10
0.1301301301,0.2142320733,0.01748070023,3.96E-07,0.0205918424,0.01212575277,6.66E-10,0.004849342813,0.002857592016,1.04E-09
0.1321321321,0.2249261435,0.01929052146,5.99E-07,0.02241444703,0.01283028212,9.71E-10,0.005264326196,0.003022823788,1.38E-09
0.1341341341,0.235748996,0.02122638148,8.94E-07,0.02434080898,0.01355855485,1.40E-09,0.005703652852,0.003193934819,1.82E-09
0.1361361361,0.2466864448,0.02329176656,1.32E-06,0.0263726978,0.01431065425,2.01E-09,0.006167993922,0.003370984172,2.39E-09
0.1381381381,0.2577244923,0.02548992736,1.93E-06,0.02851170502,0.01508664711,2.85E-09,0.006658004058,0.00355402815,3.12E-09
0.1401401401,0.2688493735,0.0278238669,2.78E-06,0.03075924158,0.01588658425,4.01E-09,0.007174320464,0.003743120343,4.04E-09
0.1421421421,0.2800475958,0.03029633021,3.97E-06,0.03311653615,0.01671050087,5.60E-09,0.007717561997,0.003938311654,5.21E-09
0.1441441441,0.2913059744,0.03290979553,5.60E-06,0.03558463425,0.01755841709,7.76E-09,0.008288328354,0.004139650346,6.69E-09
0.1461461461,0.3026116631,0.03566646699,7.84E-06,0.03816439811,0.01843033835,1.07E-08,0.008887199318,0.004347182079,8.54E-09
0.1481481481,0.313952181,0.03856826894,1.09E-05,0.04085650724,0.01932625588,1.46E-08,0.009514734087,0.004560949949,1.08E-08
0.1501501502,0.3253154359,0.04161684173,1.49E-05,0.04366145974,0.0202461472,1.97E-08,0.01017147066,0.004780994538,1.37E-08
0.1521521522,0.3366897432,0.0448135389,2.03E-05,0.0465795742,0.02118997653,2.66E-08,0.01085792531,0.005007353947,1.72E-08
0.1541541542,0.348063842,0.0481594258,2.73E-05,0.04961099218,0.02215769527,3.56E-08,0.01157459207,0.005240063849,2.16E-08
0.1561561562,0.3594269075,0.0516552796,3.65E-05,0.05275568122,0.02314924245,4.73E-08,0.01232194238,0.005479157529,2.69E-08
0.1581581582,0.370768561,0.05530159048,4.85E-05,0.05601343843,0.02416454521,6.25E-08,0.01310042468,0.005724665934,3.34E-08
0.1601601602,0.3820788767,0.05909856407,6.38E-05,0.05938389444,0.02520351918,8.21E-08,0.01391046416,0.005976617712,4.13E-08
0.1621621622,0.393348386,0.06304612502,8.33E-05,0.06286651778,0.026266069,1.07E-07,0.0147524625,0.006235039266,5.09E-08
0.1641641642,0.4045680796,0.06714392159,0.0001079532917,0.06646061965,0.02735208869,1.39E-07,0.01562679768,0.006499954793,6.24E-08
0.1661661662,0.4157294078,0.0713913312,0.0001389571791,0.070165359,0.02846146214,1.80E-07,0.01653382392,0.006771386336,7.63E-08
0.1681681682,0.4268242781,0.07578746695,0.0001776356262,0.07397974787,0.02959406347,2.31E-07,0.0174738715,0.00704935383,9.29E-08
0.1701701702,0.4378450517,0.08033118482,0.0002255673854,0.07790265701,0.03074975751,2.95E-07,0.01844724682,0.007333875143,1.13E-07
0.1721721722,0.4487845385,0.0850210917,0.0002845831174,0.08193282168,0.03192840014,3.76E-07,0.01945423237,0.007624966131,1.36E-07
0.1741741742,0.4596359901,0.08985555402,0.0003567914623,0.0860688476,0.03312983877,4.75E-07,0.02049508681,0.007922640678,1.64E-07
0.1761761762,0.4703930925,0.09483270697,0.0004446054769,0.0903092171,0.03435391265,5.99E-07,0.02157004505,0.008226910743,1.97E-07
0.1781781782,0.4810499567,0.09995046419,0.0005507690685,0.0946522953,0.03560045331,7.51E-07,0.02267931841,0.008537786409,2.36E-07
0.1801801802,0.4916011094,0.1052065279,0.0006783830112,0.0990963364,0.03686928492,9.37E-07,0.02382309478,0.008855275923,2.81E-07
0.1821821822,0.5020414824,0.1105983994,0.0008309301005,0.10363949,0.03816022465,1.17E-06,0.02500153881,0.009179385748,3.35E-07
0.1841841842,0.5123664011,0.1161233899,0.001012298974,0.1082798076,0.03947308303,1.44E-06,0.02621479222,0.009510120601,3.97E-07
0.1861861862,0.5225715728,0.1217786313,0.001226806111,0.1130152486,0.04080766431,1.78E-06,0.02746297398,0.009847483502,4.69E-07
0.1881881882,0.5326530749,0.1275610874,0.001479215502,0.117843687,0.0421637668,2.18E-06,0.02874618065,0.01019147582,5.54E-07
0.1901901902,0.5426073417,0.1334675654,0.001774755509,0.1227629175,0.04354118316,2.67E-06,0.03006448672,0.01054209729,6.51E-07
0.1921921922,0.5524311522,0.1394947269,0.002119132402,0.1277706615,0.04493970078,3.25E-06,0.03141794493,0.01089934612,7.64E-07
0.1941941942,0.5621216167,0.1456390993,0.002518540124,0.1328645736,0.04635910206,3.95E-06,0.03280658661,0.01126321895,8.93E-07
0.1961961962,0.5716761638,0.151897087,0.002979665838,0.1380422474,0.04779916473,4.78E-06,0.03423042214,0.01163371096,1.04E-06
0.1981981982,0.5810925274,0.1582649826,0.003509690858,0.1433012215,0.04925966213,5.76E-06,0.03568944128,0.01201081588,1.21E-06
0.2002002002,0.5903687334,0.1647389778,0.00411628662,0.148638985,0.0507403635,6.91E-06,0.03718361364,0.01239452602,1.41E-06
0.2022022022,0.5995030866,0.1713151744,0.004807605405,0.1540529835,0.05224103427,8.28E-06,0.03871288907,0.01278483236,1.63E-06
0.2042042042,0.608494158,0.177989595,0.005592265579,0.1595406244,0.05376143632,9.88E-06,0.04027719816,0.01318172452,1.89E-06
0.2062062062,0.6173407718,0.1847581931,0.006479331217,0.1650992823,0.05530132824,1.17E-05,0.04187645266,0.01358519085,2.18E-06
0.2082082082,0.6260419929,0.1916168635,0.007478286017,0.1707263041,0.05686046558,1.39E-05,0.04351054594,0.01399521846,2.50E-06
0.2102102102,0.6345971144,0.1985614523,0.008599001515,0.176419014,0.05843860112,1.65E-05,0.04517935352,0.01441179324,2.87E-06
0.2122122122,0.6430056456,0.2055877662,0.009851699697,0.1821747183,0.06003548505,1.94E-05,0.04688273349,0.01483489989,3.29E-06
0.2142142142,0.6512673005,0.2126915821,0.01124691016,0.1879907103,0.06165086526,2.28E-05,0.04862052704,0.01526452201,3.76E-06
0.2162162162,0.6593819853,0.2198686555,0.01279542207,0.1938642744,0.06328448753,2.67E-05,0.05039255895,0.01570064206,4.29E-06
0.2182182182,0.6673497884,0.2271147297,0.01450823126,0.1997926907,0.06493609573,3.13E-05,0.05219863808,0.01614324145,4.89E-06
0.2202202202,0.6751709686,0.2344255438,0.0163964829,0.2057732388,0.06660543207,3.64E-05,0.05403855786,0.01659230056,5.56E-06
0.2222222222,0.6828459447,0.2417968406,0.01847141004,0.211803202,0.06829223724,4.23E-05,0.05591209682,0.01704779875,6.30E-06
0.2242242242,0.6903752856,0.2492243739,0.02074426883,0.2178798709,0.06999625065,4.91E-05,0.05781901909,0.01750971442,7.14E-06
0.2262262262,0.6977597002,0.256703916,0.0232262708,0.2240005469,0.07171721058,5.68E-05,0.05975907487,0.01797802505,8.07E-06
0.2282282282,0.7050000278,0.2642312644,0.02592851278,0.2301625458,0.07345485438,6.55E-05,0.06173200097,0.01845270719,9.10E-06
0.2302302302,0.7120972293,0.271802248,0.02886190539,0.2363632004,0.07520891863,7.54E-05,0.06373752129,0.01893373652,1.03E-05
0.2322322322,0.7190523778,0.2794127335,0.03203710049,0.2425998644,0.07697913929,8.66E-05,0.06577534732,0.0194210879,1.15E-05
0.2342342342,0.7258666508,0.2870586306,0.03546441848,0.2488699145,0.07876525188,9.93E-05,0.06784517863,0.01991473534,1.29E-05
0.2362362362,0.7325413216,0.2947358977,0.03915377607,0.2551707533,0.08056699163,0.0001134619237,0.0699467034,0.02041465209,1.45E-05
0.2382382382,0.7390777518,0.302440547,0.0431146153,0.2614998119,0.0823840936,0.0001294168284,0.07207959884,0.02092081062,1.62E-05
0.2402402402,0.7454773839,0.3101686485,0.0473558344,0.2678545519,0.08421629285,0.0001472970597,0.07424353172,0.0214331827,1.81E-05
0.2422422422,0.7517417341,0.3179163347,0.05188572131,0.2742324682,0.08606332454,0.0001672937882,0.07643815882,0.02195173937,2.02E-05
0.2442442442,0.7578723856,0.3256798046,0.05671189026,0.2806310902,0.08792492409,0.0001896125648,0.07866312744,0.022476451,2.25E-05
0.2462462462,0.7638709821,0.333455327,0.06184122232,0.2870479842,0.08980082729,0.0002144739671,0.08091807581,0.02300728731,2.51E-05
0.2482482482,0.769739222,0.341239244,0.06727981015,0.2934807551,0.09169077039,0.000242114241,0.08320263357,0.0235442174,2.78E-05
0.2502502503,0.7754788524,0.3490279737,0.07303290769,0.2999270476,0.09359449027,0.0002727859335,0.08551642223,0.02408720975,3.09E-05
0.2522522523,0.7810916633,0.3568180134,0.07910488508,0.3063845479,0.09551172449,0.0003067585148,0.08785905562,0.02463623228,3.42E-05
0.2542542543,0.786579483,0.3646059413,0.08549918929,0.3128509851,0.09744221141,0.0003443189851,0.0902301403,0.02519125235,3.78E-05
0.2562562563,0.7919441728,0.3723884193,0.09221831069,0.319324132,0.09938569032,0.0003857724652,0.09262927597,0.02575223679,4.18E-05
0.2582582583,0.7971876223,0.3801621941,0.09926375585,0.3258018065,0.1013419015,0.0004314427667,0.09505605596,0.02631915192,4.61E-05
0.2602602603,0.8023117453,0.3879240995,0.1066360267,0.3322818723,0.1033105862,0.0004816729385,0.09751006758,0.02689196357,5.07E-05
0.2622622623,0.8073184753,0.3956710571,0.1143346064,0.3387622397,0.1052914871,0.0005368257874,0.09999089252,0.02747063711,5.58E-05
0.2642642643,0.8122097621,0.403400078,0.1223579513,0.3452408665,0.1072843478,0.0005972843696,0.1024981073,0.02805513745,6.14E-05
0.2662662663,0.8169875675,0.4111082631,0.1307034901,0.3517157582,0.1092889135,0.0006634524498,0.1050312836,0.0286454291,6.73E-05
0.2682682683,0.8216538624,0.4187928041,0.1393676287,0.3581849691,0.1113049306,0.0007357549254,0.1075899886,0.02924147613,7.38E-05
0.2702702703,0.8262106234,0.426450984,0.148345762,0.3646466021,0.1133321471,0.0008146382128,0.1101737856,0.02984324227,8.08E-05
0.2722722723,0.8306598297,0.4340801771,0.1576322914,0.3710988092,0.1153703125,0.0009005705939,0.1127822339,0.03045069083,8.84E-05
0.2742742743,0.8350034606,0.4416778492,0.1672206483,0.377539792,0.1174191777,0.0009940425184,0.1154148897,0.03106378482,9.66E-05
0.2762762763,0.8392434923,0.4492415577,0.1771033231,0.3839678012,0.1194784956,0.001095566862,0.1180713059,0.03168248689,0.0001054150785
0.2782782783,0.8433818962,0.456768951,0.1872718996,0.3903811375,0.1215480204,0.001205679135,0.1207510329,0.03230675938,0.0001149141989
0.2802802803,0.8474206361,0.4642577686,0.1977170936,0.3967781508,0.1236275084,0.001324937642,0.1234536188,0.03293656434,0.000125135474
0.2822822823,0.8513616663,0.4717058399,0.2084287971,0.4031572406,0.1257167176,0.001453923592,0.1261786094,0.03357186352,0.0001361228628
0.2842842843,0.8552069296,0.4791110841,0.2193961252,0.4095168556,0.1278154076,0.001593241149,0.1289255489,0.03421261845,0.0001479222435
0.2862862863,0.8589583556,0.4864715092,0.2306074673,0.4158554937,0.1299233402,0.001743517433,0.1316939799,0.03485879036,0.0001605814545
0.2882882883,0.8626178591,0.493785211,0.2420505416,0.4221717016,0.1320402791,0.001905402457,0.1344834441,0.03551034027,0.0001741503341
0.2902902903,0.8661873381,0.5010503722,0.2537124514,0.4284640744,0.1341659898,0.002079569017,0.1372934821,0.03616722899,0.0001886807594
0.2922922923,0.8696686733,0.5082652613,0.2655797444,0.4347312554,0.1363002398,0.00226671251,0.1401236339,0.03682941711,0.000204226683
0.2942942943,0.873063726,0.5154282315,0.2776384731,0.4409719357,0.1384427989,0.002467550701,0.1429734391,0.03749686504,0.0002208441696
0.2962962963,0.8763743375,0.522537719,0.2898742566,0.4471848535,0.1405934386,0.002682823426,0.1458424374,0.038169533,0.0002385914299
0.2982982983,0.8796023277,0.5295922423,0.3022723434,0.4533687938,0.1427519328,0.002913292232,0.1487301683,0.03884738107,0.0002575288538
0.3003003003,0.8827494945,0.5365904001,0.3148176742,0.4595225878,0.1449180572,0.00315973996,0.151636172,0.03953036915,0.0002777190417
0.3023023023,0.8858176125,0.5435308705,0.3274949445,0.4656451123,0.14709159,0.003422970264,0.1545599891,0.04021845702,0.0002992268341
0.3043043043,0.8888084328,0.5504124089,0.3402886673,0.4717352892,0.1492723113,0.003703807066,0.157501161,0.04091160434,0.0003221193393
0.3063063063,0.8917236821,0.5572338466,0.3531832341,0.4777920847,0.1514600035,0.00400309396,0.1604592303,0.04160977063,0.0003464659598
0.3083083083,0.8945650618,0.5639940896,0.3661629755,0.4838145089,0.1536544511,0.004321693546,0.1634337408,0.04231291535,0.0003723384162
0.3103103103,0.8973342481,0.5706921162,0.3792122194,0.4898016147,0.1558554409,0.004660486707,0.1664242375,0.04302099782,0.0003998107694
0.3123123123,0.9000328912,0.5773269759,0.392315348,0.4957524976,0.1580627618,0.005020371835,0.1694302674,0.04373397732,0.0004289594409
0.3143143143,0.9026626149,0.5838977875,0.4054568522,0.5016662944,0.1602762051,0.005402263993,0.1724513789,0.04445181303,0.0004598632308
0.3163163163,0.9052250165,0.5904037373,0.4186213841,0.5075421832,0.1624955643,0.005807094025,0.1754871226,0.0451744641,0.0004926033337
0.3183183183,0.9077216664,0.5968440774,0.4317938064,0.5133793818,0.164720635,0.006235807613,0.1785370513,0.0459018896,0.000527263353
0.3203203203,0.9101541079,0.6032181241,0.4449592393,0.5191771477,0.1669512154,0.00668936428,0.18160072,0.04663404858,0.0005639293118
0.3223223223,0.9125238574,0.6095252561,0.4581031046,0.5249347768,0.1691871056,0.007168736349,0.184677686,0.04737090005,0.0006026896627
0.3243243243,0.9148324038,0.6157649122,0.4712111664,0.5306516027,0.1714281082,0.007674907848,0.1877675096,0.04811240302,0.0006436352947
0.3263263263,0.9170812089,0.6219365906,0.484269569,0.5363269963,0.173674028,0.008208873376,0.1908697535,0.04885851645,0.0006868595379
0.3283283283,0.9192717069,0.6280398459,0.4972648717,0.5419603643,0.1759246721,0.008771636926,0.1939839833,0.04960919933,0.0007324581658
0.3303303303,0.9214053052,0.6340742884,0.5101840796,0.5475511492,0.1781798499,0.009364210665,0.1971097678,0.05036441063,0.0007805293952
0.3323323323,0.9234833835,0.6400395817,0.5230146721,0.5530988277,0.1804393731,0.009987613679,0.2002466787,0.05112410936,0.0008311738839
0.3343343343,0.925507295,0.6459354413,0.5357446277,0.5586029106,0.1827030557,0.01064287069,0.2033942912,0.05188825451,0.0008844947255
0.3363363363,0.9274783654,0.6517616325,0.5483624453,0.5640629414,0.1849707138,0.01133101072,0.2065521836,0.05265680515,0.0009405974425
0.3383383383,0.929397894,0.6575179691,0.5608571631,0.5694784958,0.187242166,0.01205306579,0.2097199376,0.05342972033,0.0009995899759
0.3403403403,0.9312671534,0.6632043117,0.5732183736,0.574849181,0.1895172331,0.01281006947,0.2128971389,0.05420695919,0.001061582673
0.3423423423,0.9330873898,0.6688205655,0.585436236,0.5801746345,0.1917957381,0.01360305557,0.2160833762,0.05498848088,0.001126688274
0.3443443443,0.9348598232,0.6743666792,0.5975014855,0.5854545237,0.1940775064,0.01443305667,0.2192782425,0.05577424464,0.001195021892
0.3463463463,0.936585648,0.6798426432,0.6094054402,0.590688545,0.1963623655,0.01530110273,0.2224813342,0.05656420975,0.001266700996
0.3483483483,0.9382660326,0.6852484881,0.6211400043,0.5958764226,0.1986501452,0.01620821964,0.2256922518,0.05735833557,0.001341845387
0.3503503504,0.9399021203,0.6905842827,0.6326976702,0.6010179084,0.2009406776,0.01715542775,0.2289105998,0.05815658152,0.001420577174
0.3523523524,0.9414950295,0.695850133,0.6440715166,0.6061127808,0.203233797,0.01814374048,0.2321359866,0.05895890711,0.001503020747
0.3543543544,0.9430458536,0.7010461805,0.6552552056,0.6111608438,0.20552934,0.01917416281,0.2353680246,0.05976527194,0.001589302749
0.3563563564,0.9445556618,0.7061726003,0.666242977,0.6161619268,0.2078271452,0.02024768986,0.2386063306,0.0605756357,0.001679552041
0.3583583584,0.9460254992,0.7112296002,0.6770296406,0.6211158833,0.2101270536,0.02136530544,0.2418505255,0.06138995817,0.00177389967
0.3603603604,0.9474563873,0.7162174192,0.687610567,0.6260225902,0.2124289083,0.02252798061,0.2451002344,0.06220819924,0.001872478831
0.3623623624,0.9488493241,0.7211363256,0.6979816762,0.6308819475,0.2147325546,0.02373667228,0.2483550868,0.06303031891,0.00197542483
0.3643643644,0.9502052849,0.7259866163,0.7081394255,0.6356938772,0.2170378401,0.02499232176,0.2516147164,0.06385627726,0.002082875043
0.3663663664,0.951525222,0.7307686147,0.7180807953,0.6404583225,0.2193446143,0.0262958534,0.2548787613,0.06468603454,0.002194968869
0.3683683684,0.9528100657,0.7354826704,0.7278032735,0.6451752474,0.221652729,0.0276481732,0.2581468642,0.06551955107,0.00231184769
0.3703703704,0.9540607245,0.7401291567,0.7373048398,0.6498446361,0.223962038,0.02905016749,0.2614186721,0.06635678732,0.002433654817
0.3723723724,0.9552780852,0.7447084706,0.7465839483,0.6544664916,0.2262723975,0.03050270157,0.2646938365,0.0671977039,0.002560535446
0.3743743744,0.9564630136,0.7492210304,0.7556395094,0.6590408361,0.2285836655,0.03200661847,0.2679720134,0.06804226152,0.002692636603
0.3763763764,0.9576163548,0.7536672757,0.764470871,0.6635677093,0.2308957023,0.03356273764,0.2712528634,0.06889042105,0.002830107092
0.3783783784,0.9587389335,0.7580476652,0.7730777995,0.6680471685,0.23320837,0.03517185375,0.2745360514,0.0697421435,0.002973097434
0.3803803804,0.9598315544,0.7623626762,0.7814604602,0.6724792877,0.235521533,0.0368347355,0.2778212471,0.07059739001,0.003121759819
0.3823823824,0.9608950027,0.7666128033,0.7896193971,0.6768641567,0.2378350577,0.03855212447,0.2811081247,0.07145612189,0.003276248038
0.3843843844,0.9619300445,0.7707985576,0.7975555127,0.6812018812,0.2401488124,0.04032473401,0.2843963629,0.07231830057,0.003436717423
0.3863863864,0.9629374267,0.7749204653,0.8052700484,0.6854925815,0.2424626675,0.04215324817,0.2876856451,0.07318388767,0.003603324789
0.3883883884,0.9639178782,0.778979067,0.8127645633,0.6897363922,0.2447764955,0.04403832068,0.2909756593,0.07405284493,0.003776228365
0.3903903904,0.9648721095,0.7829749164,0.8200409149,0.6939334616,0.2470901706,0.04598057399,0.2942660979,0.07492513427,0.003955587728
0.3923923924,0.9658008136,0.78690858,0.8271012386,0.6980839514,0.2494035692,0.04798059831,0.2975566581,0.07580071777,0.004141563736
0.3943943944,0.966704666,0.7907806354,0.8339479283,0.7021880356,0.2517165695,0.05003895079,0.3008470416,0.07667955769,0.00433431846
0.3963963964,0.9675843256,0.7945916713,0.8405836167,0.7062459006,0.2540290517,0.05215615462,0.3041369547,0.07756161642,0.004534015113
0.3983983984,0.9684404342,0.7983422858,0.8470111562,0.7102577441,0.2563408979,0.05433269831,0.3074261082,0.07844685655,0.004740817976
0.4004004004,0.9692736178,0.8020330861,0.8532336008,0.7142237749,0.258651992,0.05656903495,0.3107142176,0.07933524084,0.004954892328
0.4024024024,0.9700844861,0.8056646879,0.8592541872,0.7181442126,0.2609622198,0.05886558155,0.3140010028,0.08022673221,0.00517640437
0.4044044044,0.9708736338,0.8092377139,0.8650763178,0.7220192866,0.2632714691,0.06122271841,0.3172861884,0.08112129377,0.005405521151
0.4064064064,0.9716416399,0.8127527939,0.8707035431,0.7258492361,0.2655796294,0.06364078858,0.3205695035,0.0820188888,0.00564241049
0.4084084084,0.9723890688,0.8162105636,0.8761395457,0.7296343094,0.267886592,0.06612009735,0.3238506816,0.08291948077,0.0058872409
0.4104104104,0.9731164705,0.8196116641,0.881388124,0.7333747633,0.27019225,0.06866091178,0.3271294607,0.08382303332,0.006140181509
0.4124124124,0.9738243805,0.8229567411,0.886453177,0.7370708633,0.2724964984,0.07126346036,0.3304055835,0.08472951029,0.006401401985
0.4144144144,0.9745133207,0.8262464445,0.89133869,0.7407228823,0.2747992338,0.07392793263,0.3336787969,0.0856388757,0.006671072449
0.4164164164,0.9751837995,0.8294814278,0.8960487202,0.744331101,0.2771003547,0.07665447893,0.3369488523,0.08655109374,0.006949363401
0.4184184184,0.975836312,0.8326623472,0.9005873838,0.7478958068,0.2793997613,0.07944321015,0.3402155056,0.08746612881,0.007236445638
0.4204204204,0.9764713403,0.8357898614,0.9049588428,0.751417294,0.2816973553,0.08229419759,0.343478517,0.0883839455,0.007532490172
0.4224224224,0.9770893541,0.838864631,0.909167294,0.7548958631,0.2839930404,0.08520747281,0.346737651,0.08930450858,0.007837668148
0.4244244244,0.9776908107,0.8418873177,0.9132169567,0.7583318204,0.2862867218,0.08818302763,0.3499926766,0.09022778302,0.008152150761
0.4264264264,0.9782761554,0.8448585845,0.9171120627,0.761725478,0.2885783063,0.09122081406,0.353243367,0.09115373398,0.008476109179
0.4284284284,0.9788458218,0.8477790942,0.9208568463,0.7650771528,0.2908677025,0.09432074441,0.3564894995,0.09208232682,0.008809714454
0.4304304304,0.9794002322,0.8506495101,0.9244555346,0.7683871668,0.2931548205,0.09748269135,0.359730856,0.09301352709,0.009153137443
0.4324324324,0.9799397977,0.8534704948,0.9279123393,0.7716558467,0.2954395721,0.1007064881,0.3629672224,0.09394730054,0.009506548726
0.4344344344,0.9804649183,0.85624271,0.9312314483,0.774883523,0.2977218706,0.1039919285,0.3661983887,0.09488361313,0.009870118521
0.4364364364,0.9809759837,0.8589668161,0.9344170182,0.7780705305,0.3000016308,0.1073387675,0.3694241492,0.095822431,0.0102440166
0.4384384384,0.9814733731,0.8616434721,0.9374731679,0.7812172074,0.3022787692,0.1107467213,0.3726443023,0.09676372049,0.01062841222
0.4404404404,0.9819574557,0.8642733349,0.9404039716,0.7843238954,0.3045532037,0.1142154678,0.3758586503,0.09770744815,0.01102347403
0.4424424424,0.9824285909,0.8668570591,0.9432134536,0.787390939,0.3068248539,0.1177446467,0.3790669997,0.09865358074,0.01142936996
0.4444444444,0.9828871283,0.8693952968,0.9459055828,0.7904186858,0.3090936407,0.1213338604,0.3822691611,0.0996020852,0.01184626722
0.4464464464,0.9833334085,0.871888697,0.9484842681,0.7934074856,0.3113594864,0.1249826741,0.3854649488,0.1005529287,0.01227433212
0.4484484484,0.9837677627,0.8743379056,0.9509533539,0.7963576907,0.3136223152,0.1286906165,0.3886541812,0.1015060786,0.01271373008
0.4504504505,0.9841905134,0.8767435653,0.9533166166,0.7992696555,0.3158820521,0.1324571804,0.3918366805,0.1024615024,0.01316462547
0.4524524525,0.9846019744,0.8791063147,0.9555777613,0.8021437359,0.3181386242,0.1362818232,0.3950122729,0.1034191679,0.01362718161
0.4544544545,0.9850024511,0.8814267888,0.9577404186,0.8049802897,0.3203919594,0.1401639674,0.3981807883,0.104379043,0.01410156062
0.4564564565,0.9853922406,0.8837056182,0.9598081423,0.8077796759,0.3226419874,0.1441030016,0.4013420604,0.105341096,0.01458792337
0.4584584585,0.9857716321,0.8859434293,0.9617844073,0.8105422546,0.324888639,0.1480982811,0.4044959267,0.1063052952,0.01508642944
0.4604604605,0.986140907,0.8881408439,0.9636726076,0.813268387,0.3271318467,0.1521491284,0.4076422282,0.1072716092,0.01559723698
0.4624624625,0.986500339,0.8902984791,0.9654760551,0.8159584349,0.3293715439,0.1562548343,0.4107808098,0.1082400068,0.01612050268
0.4644644645,0.9868501947,0.8924169468,0.9671979782,0.8186127608,0.3316076657,0.1604146583,0.4139115199,0.1092104569,0.01665638167
0.4664664665,0.9871907332,0.8944968543,0.9688415213,0.8212317275,0.3338401483,0.16462783,0.4170342104,0.1101829287,0.01720502746
0.4684684685,0.9875222068,0.8965388032,0.9704097439,0.8238156979,0.3360689293,0.1688935493,0.420148737,0.1111573917,0.01776659187
0.4704704705,0.9878448607,0.8985433901,0.9719056207,0.8263650353,0.3382939473,0.1732109878,0.4232549586,0.1121338154,0.01834122495
0.4724724725,0.9881589338,0.900511206,0.973332041,0.8288801025,0.3405151426,0.1775792893,0.4263527377,0.1131121696,0.01892907492
0.4744744745,0.9884646582,0.9024428361,0.9746918092,0.8313612623,0.3427324564,0.181997571,0.4294419402,0.1140924245,0.01953028809
0.4764764765,0.9887622601,0.9043388601,0.9759876452,0.8338088769,0.3449458312,0.1864649242,0.4325224353,0.11507455,0.0201450088
0.4784784785,0.9890519591,0.9061998518,0.9772221848,0.8362233081,0.3471552108,0.1909804154,0.4355940957,0.1160585168,0.02077337935
0.4804804805,0.9893339692,0.9080263791,0.9783979802,0.8386049169,0.34936054,0.1955430872,0.4386567973,0.1170442954,0.02141553995
0.4824824825,0.9896084984,0.9098190039,0.9795175013,0.8409540634,0.3515617651,0.2001519593,0.4417104191,0.1180318566,0.02207162862
0.4844844845,0.989875749,0.911578282,0.9805831364,0.843271107,0.3537588332,0.2048060296,0.4447548436,0.1190211714,0.02274178118
0.4864864865,0.9901359181,0.9133047632,0.9815971933,0.8455564059,0.3559516927,0.2095042747,0.4477899562,0.1200122112,0.02342613112
0.4884884885,0.9903891971,0.9149989909,0.9825619008,0.847810317,0.3581402932,0.2142456516,0.4508156455,0.1210049473,0.02412480963
0.4904904905,0.9906357723,0.9166615024,0.9834794098,0.8500331961,0.3603245854,0.2190290982,0.4538318034,0.1219993513,0.02483794545
0.4924924925,0.990875825,0.9182928286,0.9843517945,0.8522253975,0.3625045209,0.2238535346,0.4568383245,0.1229953952,0.02556566489
0.4944944945,0.9911095314,0.9198934942,0.9851810547,0.8543872741,0.3646800526,0.2287178637,0.4598351066,0.1239930509,0.02630809173
0.4964964965,0.9913370631,0.9214640175,0.9859691163,0.8565191771,0.3668511345,0.233620973,0.4628220504,0.1249922907,0.02706534717
0.4984984985,0.9915585869,0.9230049103,0.9867178337,0.858621456,0.3690177213,0.2385617347,0.4657990596,0.125993087,0.02783754981
0.5005005005,0.9917742649,0.9245166781,0.9874289913,0.8606944588,0.3711797692,0.2435390073,0.4687660407,0.1269954125,0.02862481554
0.5025025025,0.9919842552,0.9259998199,0.9881043049,0.8627385314,0.3733372352,0.2485516365,0.4717229031,0.1279992401,0.02942725758
0.5045045045,0.9921887111,0.9274548283,0.9887454239,0.8647540179,0.3754900772,0.2535984562,0.4746695588,0.1290045427,0.03024498633
0.5065065065,0.992387782,0.9288821896,0.9893539327,0.8667412603,0.3776382544,0.2586782893,0.4776059229,0.1300112936,0.03107810941
0.5085085085,0.9925816133,0.9302823834,0.9899313524,0.8687005987,0.3797817267,0.2637899492,0.480531913,0.1310194663,0.03192673158
0.5105105105,0.9927703461,0.9316558829,0.9904791432,0.8706323709,0.381920455,0.2689322401,0.4834474493,0.1320290344,0.0327909547
0.5125125125,0.9929541179,0.9330031551,0.9909987053,0.8725369126,0.3840544014,0.2741039587,0.4863524549,0.1330399717,0.03367087767
0.5145145145,0.9931330624,0.9343246604,0.9914913815,0.8744145574,0.3861835287,0.2793038947,0.4892468552,0.1340522522,0.03456659645
0.5165165165,0.9933073096,0.9356208527,0.9919584585,0.8762656364,0.3883078007,0.2845308319,0.4921305784,0.1350658503,0.03547820396
0.5185185185,0.9934769859,0.9368921798,0.9924011688,0.8780904784,0.3904271822,0.289783549,0.4950035552,0.1360807402,0.03640579007
0.5205205205,0.9936422145,0.9381390828,0.9928206926,0.8798894097,0.3925416387,0.2950608211,0.4978657186,0.1370968967,0.03734944159
0.5225225225,0.9938031149,0.9393619968,0.9932181592,0.8816627545,0.3946511367,0.30036142,0.5007170042,0.1381142945,0.03830924219
0.5245245245,0.9939598035,0.9405613503,0.993594649,0.8834108342,0.3967556438,0.3056841152,0.5035573499,0.1391329086,0.03928527242
0.5265265265,0.9941123935,0.9417375658,0.9939511952,0.8851339677,0.398855128,0.3110276753,0.5063866962,0.1401527143,0.04027760963
0.5285285285,0.9942609951,0.9428910592,0.9942887853,0.8868324714,0.4009495585,0.3163908683,0.5092049856,0.1411736869,0.041286328
0.5305305305,0.9944057153,0.9440222406,0.9946083628,0.8885066592,0.4030389053,0.3217724627,0.5120121632,0.142195802,0.04231149847
0.5325325325,0.9945466583,0.9451315137,0.994910829,0.8901568423,0.4051231391,0.3271712284,0.5148081761,0.1432190354,0.04335318873
0.5345345345,0.9946839254,0.9462192761,0.9951970442,0.8917833292,0.4072022314,0.3325859377,0.5175929737,0.144243363,0.04441146322
0.5365365365,0.9948176153,0.9472859193,0.9954678296,0.8933864257,0.4092761548,0.3380153655,0.5203665078,0.145268761,0.04548638307
0.5385385385,0.9949478237,0.9483318289,0.9957239684,0.894966435,0.4113448823,0.3434582908,0.523128732,0.1462952057,0.04657800612
0.5405405405,0.9950746439,0.9493573844,0.9959662079,0.8965236576,0.4134083879,0.3489134972,0.5258796022,0.1473226736,0.04768638689
0.5425425425,0.9951981667,0.9503629593,0.9961952602,0.898058391,0.4154666464,0.3543797734,0.5286190764,0.1483511415,0.04881157654
0.5445445445,0.9953184802,0.9513489215,0.9964118041,0.8995709303,0.4175196332,0.3598559145,0.5313471147,0.1493805862,0.04995362291
0.5465465465,0.9954356703,0.9523156327,0.9966164862,0.9010615676,0.4195673244,0.365340722,0.5340636789,0.1504109848,0.05111257046
0.5485485485,0.9955498204,0.9532634491,0.9968099225,0.9025305923,0.4216096972,0.3708330053,0.536768733,0.1514423145,0.05228846027
0.5505505506,0.9956610117,0.9541927211,0.9969926993,0.9039782908,0.4236467291,0.3763315818,0.5394622431,0.1524745529,0.05348133008
0.5525525526,0.9957693233,0.9551037933,0.9971653746,0.9054049469,0.4256783985,0.3818352777,0.5421441768,0.1535076775,0.0546912142
0.5545545546,0.9958748319,0.9559970048,0.9973284795,0.9068108416,0.4277046846,0.3873429286,0.544814504,0.1545416662,0.05591814356
0.5565565566,0.9959776124,0.9568726893,0.9974825189,0.908196253,0.429725567,0.3928533804,0.547473196,0.1555764969,0.05716214572
0.5585585586,0.9960777373,0.9577311747,0.9976279732,0.9095614563,0.4317410263,0.3983654894,0.5501202263,0.1566121478,0.05842324482
0.5605605606,0.9961752774,0.9585727838,0.9977652989,0.9109067239,0.4337510435,0.4038781234,0.5527555699,0.1576485972,0.0597014616
0.5625625626,0.9962703016,0.9593978336,0.9978949299,0.9122323254,0.4357556005,0.4093901618,0.5553792037,0.1586858237,0.06099681342
0.5645645646,0.9963628766,0.9602066363,0.9980172783,0.9135385276,0.4377546796,0.4149004964,0.5579911062,0.159723806,0.06230931424
0.5665665666,0.9964530677,0.9609994985,0.9981327357,0.9148255945,0.439748264,0.4204080317,0.5605912578,0.1607625229,0.06363897463
0.5685685686,0.9965409382,0.9617767216,0.9982416738,0.916093787,0.4417363372,0.4259116856,0.5631796402,0.1618019534,0.06498580179
0.5705705706,0.9966265496,0.9625386022,0.9983444456,0.9173433635,0.4437188837,0.4314103897,0.5657562369,0.1628420769,0.06634979951
0.5725725726,0.9967099618,0.9632854314,0.998441386,0.9185745793,0.4456958883,0.4369030898,0.5683210331,0.1638828727,0.06773096826
0.5745745746,0.9967912333,0.9640174957,0.9985328127,0.9197876871,0.4476673366,0.4423887464,0.5708740154,0.1649243203,0.06912930511
0.5765765766,0.9968704207,0.9647350765,0.9986190272,0.9209829367,0.4496332146,0.4478663348,0.5734151719,0.1659663995,0.0705448038
0.5785785786,0.9969475791,0.9654384502,0.9987003153,0.9221605751,0.451593509,0.4533348459,0.5759444923,0.1670090903,0.07197745473
0.5805805806,0.9970227623,0.9661278886,0.9987769481,0.9233208464,0.4535482071,0.4587932861,0.5784619677,0.1680523726,0.073427245
0.5825825826,0.9970960224,0.9668036586,0.9988491823,0.924463992,0.4554972967,0.464240678,0.5809675908,0.1690962268,0.07489415838
0.5845845846,0.9971674104,0.9674660226,0.9989172615,0.9255902506,0.4574407661,0.4696760606,0.5834613554,0.1701406332,0.07637817535
0.5865865866,0.9972369755,0.9681152383,0.9989814163,0.9266998581,0.4593786043,0.4750984895,0.5859432571,0.1711855724,0.07787927313
0.5885885886,0.997304766,0.9687515587,0.9990418652,0.9277930474,0.4613108007,0.4805070373,0.5884132923,0.1722310252,0.07939742569
0.5905905906,0.9973708285,0.9693752325,0.9990988149,0.928870049,0.4632373453,0.4859007936,0.5908714594,0.1732769725,0.08093260375
0.5925925926,0.9974352087,0.9699865039,0.9991524614,0.9299310906,0.4651582285,0.4912788655,0.5933177575,0.1743233953,0.08248477483
0.5945945946,0.9974979507,0.9705856128,0.99920299,0.9309763969,0.4670734413,0.4966403779,0.5957521874,0.1753702749,0.08405390327
0.5965965966,0.9975590978,0.9711727947,0.9992505763,0.9320061903,0.4689829753,0.5019844733,0.5981747509,0.1764175927,0.0856399502
0.5985985986,0.9976186917,0.971748281,0.9992953862,0.9330206903,0.4708868223,0.5073103123,0.6005854511,0.1774653303,0.08724287367
0.6006006006,0.9976767733,0.9723122988,0.9993375768,0.9340201137,0.472784975,0.5126170736,0.6029842923,0.1785134693,0.08886262855
0.6026026026,0.9977333824,0.9728650711,0.9993772966,0.9350046748,0.4746774262,0.5179039541,0.6053712801,0.1795619916,0.09049916667
0.6046046046,0.9977885575,0.9734068169,0.9994146861,0.9359745851,0.4765641693,0.5231701692,0.6077464211,0.1806108793,0.09215243676
0.6066066066,0.9978423361,0.9739377512,0.9994498781,0.9369300536,0.4784451983,0.5284149529,0.6101097229,0.1816601145,0.09382238454
0.6086086086,0.997894755,0.9744580851,0.999482998,0.9378712867,0.4803205073,0.5336375575,0.6124611945,0.1827096796,0.09550895271
0.6106106106,0.9979458496,0.9749680258,0.9995141646,0.9387984881,0.4821900913,0.5388372544,0.6148008459,0.1837595571,0.09721208099
0.6126126126,0.9979956545,0.9754677766,0.9995434899,0.9397118591,0.4840539453,0.5440133332,0.617128688,0.1848097297,0.09893170617
0.6146146146,0.9980442036,0.9759575372,0.9995710798,0.9406115984,0.4859120651,0.5491651027,0.6194447328,0.1858601801,0.1006677621
0.6166166166,0.9980915295,0.9764375036,0.9995970343,0.9414979022,0.4877644467,0.5542918902,0.6217489933,0.1869108914,0.1024201798
0.6186186186,0.9981376641,0.9769078681,0.9996214479,0.942370964,0.4896110866,0.5593930419,0.6240414837,0.1879618465,0.1041888874
0.6206206206,0.9981826386,0.9773688194,0.9996444098,0.9432309751,0.4914519816,0.5644679227,0.6263222188,0.1890130289,0.1059738102
0.6226226226,0.998226483,0.9778205427,0.9996660042,0.9440781243,0.4932871291,0.5695159164,0.6285912147,0.1900644218,0.1077748708
0.6246246246,0.998269227,0.9782632199,0.9996863106,0.9449125977,0.4951165266,0.5745364253,0.6308484881,0.1911160089,0.109591989
0.6266266266,0.9983108989,0.9786970292,0.9997054039,0.9457345792,0.4969401724,0.5795288706,0.6330940568,0.1921677739,0.1114250818
0.6286286286,0.9983515268,0.9791221459,0.999723355,0.9465442504,0.4987580647,0.584492692,0.6353279394,0.1932197005,0.1132740638
0.6306306306,0.9983911376,0.9795387414,0.9997402307,0.9473417903,0.5005702025,0.5894273477,0.6375501555,0.1942717729,0.1151388467
0.6326326326,0.9984297578,0.9799469845,0.9997560939,0.9481273756,0.5023765849,0.5943323146,0.6397607253,0.1953239751,0.1170193397
0.6346346346,0.9984674131,0.9803470403,0.9997710041,0.9489011807,0.5041772115,0.5992070876,0.64195967,0.1963762914,0.1189154494
0.6366366366,0.9985041284,0.9807390711,0.9997850173,0.9496633778,0.5059720821,0.6040511802,0.6441470115,0.1974287063,0.1208270801
0.6386386386,0.9985399281,0.981123236,0.9997981863,0.9504141366,0.507761197,0.6088641238,0.6463227726,0.1984812043,0.1227541333
0.6406406406,0.9985748358,0.981499691,0.999810561,0.9511536246,0.5095445569,0.6136454681,0.6484869767,0.1995337701,0.1246965083
0.6426426426,0.9986088745,0.9818685893,0.9998221882,0.9518820072,0.5113221626,0.6183947804,0.6506396481,0.2005863886,0.126654102
0.6446446446,0.9986420668,0.9822300811,0.9998331123,0.9525994474,0.5130940154,0.6231116458,0.6527808117,0.2016390447,0.1286268087
0.6466466466,0.9986744344,0.9825843137,0.9998433749,0.9533061061,0.5148601168,0.6277956673,0.6549104932,0.2026917237,0.1306145207
0.6486486486,0.9987059985,0.9829314316,0.9998530153,0.9540021419,0.5166204688,0.6324464648,0.657028719,0.2037444106,0.1326171278
0.6506506507,0.99873678,0.9832715764,0.9998620706,0.9546877115,0.5183750736,0.6370636758,0.659135516,0.204797091,0.1346345178
0.6526526527,0.9987667988,0.9836048873,0.9998705755,0.9553629691,0.5201239337,0.6416469549,0.6612309119,0.2058497504,0.136666576
0.6546546547,0.9987960746,0.9839315005,0.9998785631,0.9560280671,0.521867052,0.6461959734,0.663314935,0.2069023744,0.1387131858
0.6566566567,0.9988246264,0.9842515497,0.999886064,0.9566831557,0.5236044314,0.6507104194,0.6653876143,0.2079549489,0.1407742285
0.6586586587,0.9988524729,0.9845651661,0.9998931076,0.9573283831,0.5253360755,0.6551899976,0.6674489792,0.2090074597,0.1428495832
0.6606606607,0.9988796321,0.9848724782,0.9998997212,0.9579638953,0.5270619879,0.6596344288,0.66949906,0.2100598929,0.1449391272
0.6626626627,0.9989061217,0.985173612,0.9999059307,0.9585898364,0.5287821727,0.6640434499,0.6715378872,0.2111122348,0.1470427355
0.6646646647,0.9989319587,0.9854686913,0.9999117603,0.9592063484,0.5304966339,0.668416814,0.6735654922,0.2121644715,0.1491602814
0.6666666667,0.9989571598,0.9857578372,0.9999172328,0.9598135716,0.5322053762,0.6727542893,0.6755819067,0.2132165897,0.1512916365
0.6686686687,0.9989817414,0.9860411687,0.9999223699,0.960411644,0.5339084044,0.6770556599,0.677587163,0.2142685759,0.1534366701
0.6706706707,0.9990057191,0.9863188022,0.9999271918,0.9610007018,0.5356057233,0.6813207249,0.6795812939,0.2153204167,0.1555952501
0.6726726727,0.9990291084,0.986590852,0.9999317174,0.9615808794,0.5372973385,0.6855492984,0.6815643328,0.216372099,0.1577672424
0.6746746747,0.9990519244,0.9868574302,0.9999359649,0.9621523092,0.5389832553,0.6897412091,0.6835363134,0.2174236098,0.1599525115
0.6766766767,0.9990741815,0.9871186467,0.9999399509,0.9627151217,0.5406634795,0.6938963003,0.68549727,0.2184749361,0.1621509199
0.6786786787,0.999095894,0.987374609,0.9999436914,0.9632694457,0.5423380173,0.6980144296,0.6874472374,0.2195260651,0.1643623287
0.6806806807,0.9991170757,0.9876254229,0.9999472012,0.963815408,0.5440068748,0.7020954684,0.6893862506,0.2205769842,0.1665865973
0.6826826827,0.9991377401,0.9878711917,0.9999504945,0.9643531338,0.5456700585,0.706139302,0.6913143453,0.2216276808,0.1688235837
0.6846846847,0.9991579004,0.988112017,0.9999535844,0.9648827464,0.5473275751,0.7101458292,0.6932315575,0.2226781425,0.1710731443
0.6866866867,0.9991775693,0.9883479982,0.9999564833,0.9654043673,0.5489794316,0.7141149618,0.6951379234,0.223728357,0.1733351343
0.6886886887,0.9991967592,0.9885792328,0.9999592028,0.9659181164,0.550625635,0.7180466249,0.6970334801,0.224778312,0.1756094072
0.6906906907,0.9992154822,0.9888058164,0.9999617539,0.9664241117,0.5522661929,0.7219407561,0.6989182644,0.2258279955,0.1778958153
0.6926926927,0.9992337503,0.9890278427,0.9999641469,0.9669224697,0.5539011127,0.7257973055,0.7007923141,0.2268773955,0.1801942096
0.6946946947,0.9992515748,0.9892454036,0.9999663915,0.9674133052,0.5555304022,0.7296162355,0.702655667,0.2279265002,0.1825044398
0.6966966967,0.9992689669,0.989458589,0.9999684968,0.9678967313,0.5571540694,0.7333975204,0.7045083612,0.2289752979,0.1848263546
0.6986986987,0.9992859376,0.9896674871,0.9999704713,0.9683728593,0.5587721224,0.7371411461,0.7063504353,0.2300237769,0.1871598011
0.7007007007,0.9993024974,0.9898721845,0.9999723231,0.9688417993,0.5603845696,0.7408471101,0.7081819282,0.2310719258,0.1895046257
0.7027027027,0.9993186567,0.9900727659,0.9999740597,0.9693036594,0.5619914196,0.7445154209,0.7100028789,0.2321197331,0.1918606735
0.7047047047,0.9993344256,0.9902693144,0.9999756882,0.9697585463,0.563592681,0.7481460979,0.711813327,0.2331671876,0.1942277886
0.7067067067,0.9993498138,0.9904619114,0.9999772152,0.9702065653,0.5651883629,0.7517391713,0.7136133122,0.2342142781,0.1966058142
0.7087087087,0.999364831,0.9906506366,0.999978647,0.9706478199,0.5667784742,0.7552946816,0.7154028744,0.2352609936,0.1989945923
0.7107107107,0.9993794863,0.9908355684,0.9999799895,0.9710824123,0.5683630243,0.7588126794,0.7171820539,0.236307323,0.2013939642
0.7127127127,0.999393789,0.9910167834,0.9999812483,0.971510443,0.5699420225,0.7622932252,0.7189508913,0.2373532557,0.2038037704
0.7147147147,0.9994077477,0.9911943565,0.9999824283,0.9719320113,0.5715154785,0.7657363891,0.7207094272,0.2383987808,0.2062238504
0.7167167167,0.9994213711,0.9913683616,0.9999835347,0.9723472148,0.5730834019,0.7691422507,0.7224577027,0.2394438878,0.2086540429
0.7187187187,0.9994346676,0.9915388707,0.9999845718,0.9727561498,0.5746458029,0.7725108984,0.724195759,0.2404885661,0.211094186
0.7207207207,0.9994476454,0.9917059545,0.999985544,0.9731589112,0.5762026913,0.7758424297,0.7259236374,0.2415328053,0.2135441171
0.7227227227,0.9994603123,0.9918696822,0.9999864554,0.9735555925,0.5777540774,0.7791369506,0.7276413797,0.2425765951,0.2160036727
0.7247247247,0.9994726761,0.9920301219,0.9999873096,0.9739462857,0.5792999715,0.7823945756,0.7293490275,0.2436199253,0.2184726891
0.7267267267,0.9994847444,0.9921873399,0.9999881103,0.9743310816,0.5808403843,0.7856154271,0.7310466229,0.2446627858,0.2209510017
0.7287287287,0.9994965245,0.9923414015,0.9999888608,0.9747100695,0.5823753262,0.7887996355,0.732734208,0.2457051667,0.2234384454
0.7307307307,0.9995080236,0.9924923706,0.9999895642,0.9750833376,0.5839048082,0.7919473388,0.7344118253,0.2467470579,0.2259348547
0.7327327327,0.9995192486,0.9926403098,0.9999902234,0.9754509726,0.5854288412,0.7950586823,0.7360795171,0.2477884498,0.2284400636
0.7347347347,0.9995302064,0.9927852803,0.9999908412,0.97581306,0.5869474361,0.7981338186,0.7377373261,0.2488293327,0.2309539057
0.7367367367,0.9995409035,0.9929273424,0.9999914201,0.9761696841,0.5884606042,0.801172907,0.7393852952,0.2498696968,0.2334762142
0.7387387387,0.9995513464,0.9930665548,0.9999919627,0.9765209277,0.5899683568,0.8041761137,0.7410234671,0.2509095329,0.2360068219
0.7407407407,0.9995615414,0.9932029754,0.9999924711,0.9768668726,0.5914707053,0.8071436112,0.7426518851,0.2519488314,0.2385455615
0.7427427427,0.9995714946,0.9933366606,0.9999929475,0.9772075994,0.5929676612,0.8100755783,0.7442705922,0.252987583,0.2410922651
0.7447447447,0.999581212,0.9934676658,0.9999933939,0.9775431873,0.5944592363,0.8129721997,0.7458796316,0.2540257786,0.2436467649
0.7467467467,0.9995906993,0.9935960453,0.9999938122,0.9778737145,0.5959454423,0.815833666,0.7474790469,0.2550634091,0.2462088927
0.7487487487,0.9995999624,0.9937218523,0.9999942041,0.978199258,0.5974262911,0.8186601733,0.7490688814,0.2561004653,0.2487784803
0.7507507508,0.9996090066,0.9938451389,0.9999945713,0.9785198936,0.5989017948,0.8214519229,0.7506491787,0.2571369385,0.2513553593
0.7527527528,0.9996178374,0.9939659562,0.9999949153,0.9788356959,0.6003719653,0.8242091215,0.7522199825,0.2581728198,0.2539393611
0.7547547548,0.9996264599,0.9940843542,0.9999952376,0.9791467385,0.6018368149,0.8269319806,0.7537813364,0.2592081004,0.2565303172
0.7567567568,0.9996348794,0.9942003819,0.9999955396,0.9794530939,0.603296356,0.8296207163,0.7553332843,0.2602427718,0.2591280592
0.7587587588,0.9996431008,0.9943140873,0.9999958225,0.9797548335,0.6047506009,0.8322755494,0.75687587,0.2612768253,0.2617324184
0.7607607608,0.9996511289,0.9944255174,0.9999960875,0.9800520275,0.6061995622,0.8348967049,0.7584091375,0.2623102525,0.2643432263
0.7627627628,0.9996589684,0.9945347184,0.9999963358,0.9803447452,0.6076432524,0.837484412,0.7599331306,0.263343045,0.2669603147
0.7647647648,0.9996666241,0.9946417354,0.9999965683,0.9806330549,0.6090816842,0.8400389037,0.7614478934,0.2643751946,0.2695835152
0.7667667668,0.9996741003,0.9947466126,0.9999967862,0.9809170236,0.6105148704,0.8425604168,0.7629534699,0.2654066931,0.2722126596
0.7687687688,0.9996814015,0.9948493935,0.9999969903,0.9811967175,0.6119428238,0.8450491918,0.7644499042,0.2664375323,0.2748475801
0.7707707708,0.9996885318,0.9949501204,0.9999971814,0.9814722019,0.6133655575,0.8475054723,0.7659372403,0.2674677042,0.2774881089
0.7727727728,0.9996954956,0.9950488349,0.9999973605,0.9817435408,0.6147830843,0.8499295054,0.7674155225,0.2684972009,0.2801340786
0.7747747748,0.9997022968,0.9951455779,0.9999975282,0.9820107975,0.6161954175,0.8523215408,0.7688847947,0.2695260146,0.2827853219
0.7767767768,0.9997089393,0.9952403892,0.9999976852,0.9822740343,0.6176025702,0.8546818315,0.7703451012,0.2705541375,0.285441672
0.7787787788,0.9997154271,0.995333308,0.9999978324,0.9825333124,0.6190045556,0.8570106329,0.7717964862,0.271581562,0.2881029622
0.7807807808,0.9997217639,0.9954243726,0.9999979702,0.9827886923,0.620401387,0.8593082029,0.7732389937,0.2726082803,0.2907690264
0.7827827828,0.9997279533,0.9955136206,0.9999980992,0.9830402334,0.6217930779,0.8615748019,0.7746726678,0.2736342851,0.2934396987
0.7847847848,0.9997339989,0.9956010886,0.9999982201,0.9832879943,0.6231796418,0.8638106924,0.7760975528,0.2746595688,0.2961148138
0.7867867868,0.9997399042,0.9956868128,0.9999983333,0.9835320326,0.624561092,0.866016139,0.7775136927,0.2756841242,0.2987942067
0.7887887888,0.9997456726,0.9957708285,0.9999984393,0.9837724052,0.6259374423,0.868191408,0.7789211316,0.2767079439,0.3014777129
0.7907907908,0.9997513074,0.9958531702,0.9999985386,0.984009168,0.6273087063,0.8703367677,0.7803199136,0.2777310209,0.3041651685
0.7927927928,0.9997568118,0.9959338718,0.9999986316,0.9842423761,0.6286748976,0.8724524878,0.7817100827,0.2787533479,0.3068564101
0.7947947948,0.999762189,0.9960129665,0.9999987187,0.9844720838,0.6300360301,0.8745388395,0.7830916829,0.279774918,0.3095512746
0.7967967968,0.999767442,0.9960904868,0.9999988002,0.9846983444,0.6313921176,0.8765960954,0.7844647582,0.2807957242,0.3122495999
0.7987987988,0.9997725738,0.9961664646,0.9999988766,0.9849212106,0.632743174,0.8786245291,0.7858293525,0.2818157596,0.3149512241
0.8008008008,0.9997775873,0.9962409311,0.9999989481,0.9851407341,0.6340892131,0.8806244153,0.7871855097,0.2828350175,0.3176559862
0.8028028028,0.9997824854,0.9963139168,0.9999990151,0.9853569661,0.6354302489,0.8825960299,0.7885332736,0.2838534911,0.3203637258
0.8048048048,0.9997872707,0.9963854516,0.9999990778,0.9855699567,0.6367662956,0.8845396492,0.789872688,0.2848711738,0.3230742831
0.8068068068,0.9997919462,0.996455565,0.9999991365,0.9857797555,0.6380973671,0.8864555503,0.7912037965,0.285888059,0.3257874989
0.8088088088,0.9997965142,0.9965242857,0.9999991915,0.9859864111,0.6394234776,0.888344011,0.792526643,0.2869041402,0.328503215
0.8108108108,0.9998009776,0.9965916417,0.999999243,0.9861899715,0.6407446412,0.8902053093,0.7938412709,0.287919411,0.3312212736
0.8128128128,0.9998053386,0.9966576607,0.9999992912,0.986390484,0.6420608722,0.8920397238,0.7951477237,0.2889338651,0.333941518
0.8148148148,0.9998095998,0.9967223696,0.9999993363,0.986587995,0.6433721848,0.8938475332,0.7964460449,0.2899474962,0.336663792
0.8168168168,0.9998137636,0.9967857951,0.9999993786,0.9867825505,0.6446785932,0.8956290161,0.797736278,0.290960298,0.3393879403
0.8188188188,0.9998178322,0.9968479629,0.9999994182,0.9869741954,0.6459801118,0.8973844515,0.7990184661,0.2919722646,0.3421138086
0.8208208208,0.999821808,0.9969088984,0.9999994552,0.9871629743,0.6472767549,0.899114118,0.8002926525,0.2929833898,0.344841243
0.8228228228,0.9998256931,0.9969686266,0.9999994899,0.9873489308,0.648568537,0.9008182941,0.8015588803,0.2939936675,0.3475700909
0.8248248248,0.9998294898,0.9970271719,0.9999995224,0.987532108,0.6498554723,0.9024972582,0.8028171925,0.295003092,0.3503002003
0.8268268268,0.9998332,0.997084558,0.9999995529,0.9877125483,0.6511375755,0.904151288,0.8040676322,0.2960116574,0.3530314202
0.8288288288,0.9998368259,0.9971408084,0.9999995813,0.9878902936,0.652414861,0.9057806611,0.8053102421,0.2970193578,0.3557636005
0.8308308308,0.9998403694,0.9971959459,0.999999608,0.9880653848,0.6536873432,0.9073856543,0.806545065,0.2980261876,0.3584965921
0.8328328328,0.9998438325,0.9972499931,0.999999633,0.9882378624,0.6549550367,0.9089665438,0.8077721436,0.2990321412,0.3612302466
0.8348348348,0.9998472172,0.9973029719,0.9999996564,0.9884077664,0.656217956,0.9105236052,0.8089915204,0.3000372129,0.3639644169
0.8368368368,0.9998505252,0.9973549038,0.9999996783,0.988575136,0.6574761158,0.9120571133,0.8102032379,0.3010413973,0.3666989565
0.8388388388,0.9998537583,0.99740581,0.9999996988,0.9887400099,0.6587295307,0.913567342,0.8114073385,0.3020446888,0.3694337203
0.8408408408,0.9998569184,0.9974557111,0.9999997179,0.988902426,0.6599782152,0.9150545642,0.8126038642,0.3030470823,0.3721685638
0.8428428428,0.9998600071,0.9975046273,0.9999997359,0.9890624219,0.661222184,0.916519052,0.8137928574,0.3040485722,0.3749033437
0.8448448448,0.9998630262,0.9975525785,0.9999997527,0.9892200345,0.6624614517,0.9179610763,0.81497436,0.3050491534,0.3776379179
0.8468468468,0.9998659772,0.9975995842,0.9999997685,0.9893753,0.6636960331,0.9193809068,0.8161484138,0.3060488207,0.380372145
0.8488488488,0.9998688618,0.9976456632,0.9999997832,0.9895282543,0.6649259429,0.9207788122,0.8173150607,0.307047569,0.3831058849
0.8508508509,0.9998716815,0.9976908343,0.999999797,0.9896789325,0.6661511956,0.9221550598,0.8184743423,0.3080453932,0.3858389985
0.8528528529,0.9998744378,0.9977351158,0.99999981,0.9898273694,0.6673718062,0.9235099157,0.8196263002,0.3090422883,0.3885713477
0.8548548549,0.9998771323,0.9977785255,0.9999998221,0.9899735991,0.6685877892,0.9248436446,0.8207709757,0.3100382494,0.3913027957
0.8568568569,0.9998797663,0.997821081,0.9999998334,0.9901176552,0.6697991595,0.9261565097,0.8219084101,0.3110332716,0.3940332065
0.8588588589,0.9998823414,0.9978627994,0.999999844,0.9902595708,0.6710059317,0.9274487728,0.8230386446,0.3120273501,0.3967624456
0.8608608609,0.9998848588,0.9979036976,0.999999854,0.9903993785,0.6722081207,0.9287206943,0.8241617203,0.3130204802,0.3994903793
0.8628628629,0.9998873199,0.997943792,0.9999998633,0.9905371104,0.6734057413,0.9299725328,0.8252776779,0.3140126572,0.402216875
0.8648648649,0.9998897261,0.9979830987,0.999999872,0.990672798,0.6745988081,0.9312045455,0.8263865583,0.3150038764,0.4049418016
0.8668668669,0.9998920785,0.9980216336,0.9999998801,0.9908064726,0.6757873361,0.9324169879,0.827488402,0.3159941332,0.4076650289
0.8688688689,0.9998943785,0.9980594122,0.9999998877,0.9909381646,0.6769713399,0.9336101139,0.8285832496,0.3169834232,0.4103864278
0.8708708709,0.9998966273,0.9980964496,0.9999998949,0.9910679044,0.6781508344,0.9347841754,0.8296711414,0.3179717418,0.4131058705
0.8728728729,0.999898826,0.9981327607,0.9999999016,0.9911957215,0.6793258343,0.9359394228,0.8307521175,0.3189590848,0.4158232304
0.8748748749,0.9999009759,0.9981683601,0.9999999078,0.9913216452,0.6804963545,0.9370761046,0.8318262182,0.3199454477,0.418538382
0.8768768769,0.999903078,0.998203262,0.9999999137,0.9914457043,0.6816624098,0.9381944675,0.8328934832,0.3209308263,0.4212512009
0.8788788789,0.9999051335,0.9982374804,0.9999999192,0.9915679271,0.6828240149,0.9392947565,0.8339539524,0.3219152163,0.4239615641
0.8808808809,0.9999071434,0.998271029,0.9999999243,0.9916883415,0.6839811846,0.9403772144,0.8350076654,0.3228986135,0.4266693498
0.8828828829,0.9999091088,0.9983039212,0.9999999292,0.991806975,0.6851339338,0.9414420823,0.8360546616,0.3238810139,0.4293744372
0.8848848849,0.9999110307,0.9983361702,0.9999999337,0.9919238547,0.6862822772,0.9424895993,0.8370949805,0.3248624133,0.4320767069
0.8868868869,0.9999129101,0.9983677887,0.9999999379,0.9920390072,0.6874262296,0.9435200025,0.8381286612,0.3258428078,0.4347760406
0.8888888889,0.9999147481,0.9983987895,0.9999999418,0.9921524587,0.6885658058,0.9445335272,0.8391557427,0.3268221934,0.4374723213
0.8908908909,0.9999165455,0.9984291848,0.9999999455,0.992264235,0.6897010206,0.9455304064,0.8401762639,0.3278005662,0.4401654333
0.8928928929,0.9999183033,0.9984589868,0.999999949,0.9923743615,0.6908318887,0.9465108714,0.8411902636,0.3287779223,0.442855262
0.8948948949,0.9999200224,0.9984882074,0.9999999522,0.9924828633,0.6919584249,0.9474751512,0.8421977803,0.329754258,0.4455416941
0.8968968969,0.9999217037,0.9985168581,0.9999999553,0.9925897651,0.693080644,0.9484234728,0.8431988525,0.3307295695,0.4482246175
0.8988988989,0.999923348,0.9985449503,0.9999999581,0.992695091,0.6941985607,0.9493560611,0.8441935184,0.331703853,0.4509039214
0.9009009009,0.9999249563,0.9985724951,0.9999999608,0.992798865,0.6953121897,0.9502731392,0.8451818162,0.332677105,0.4535794962
0.9029029029,0.9999265293,0.9985995036,0.9999999633,0.9929011105,0.6964215457,0.9511749276,0.8461637837,0.3336493218,0.4562512337
0.9049049049,0.9999280678,0.9986259863,0.9999999656,0.9930018508,0.6975266436,0.9520616451,0.8471394589,0.3346205,0.4589190266
0.9069069069,0.9999295726,0.9986519538,0.9999999678,0.9931011086,0.6986274979,0.9529335082,0.8481088793,0.3355906359,0.4615827692
0.9089089089,0.9999310445,0.9986774164,0.9999999698,0.9931989064,0.6997241234,0.9537907312,0.8490720825,0.3365597262,0.464242357
0.9109109109,0.9999324843,0.998702384,0.9999999718,0.9932952663,0.7008165347,0.9546335265,0.8500291057,0.3375277675,0.4668976867
0.9129129129,0.9999338926,0.9987268666,0.9999999735,0.9933902101,0.7019047466,0.9554621041,0.8509799862,0.3384947564,0.4695486561
0.9149149149,0.9999352703,0.9987508738,0.9999999752,0.9934837591,0.7029887736,0.9562766721,0.8519247608,0.3394606896,0.4721951646
0.9169169169,0.9999366179,0.998774415,0.9999999768,0.9935759345,0.7040686304,0.9570774361,0.8528634665,0.3404255638,0.4748371126
0.9189189189,0.9999379362,0.9987974996,0.9999999783,0.9936667571,0.7051443316,0.9578645998,0.85379614,0.3413893759,0.4774744019
0.9209209209,0.9999392258,0.9988201366,0.9999999796,0.9937562472,0.7062158918,0.9586383647,0.8547228177,0.3423521227,0.4801069354
0.9229229229,0.9999404875,0.9988423349,0.9999999809,0.9938444251,0.7072833256,0.9593989301,0.8556435361,0.343313801,0.4827346174
0.9249249249,0.9999417217,0.9988641033,0.9999999821,0.9939313105,0.7083466476,0.9601464932,0.8565583312,0.3442744079,0.4853573534
0.9269269269,0.9999429292,0.9988854501,0.9999999833,0.994016923,0.7094058723,0.9608812488,0.8574672392,0.3452339402,0.4879750503
0.9289289289,0.9999441105,0.998906384,0.9999999843,0.9941012817,0.7104610143,0.9616033899,0.8583702959,0.346192395,0.4905876161
0.9309309309,0.9999452663,0.9989269129,0.9999999853,0.9941844057,0.711512088,0.9623131071,0.8592675369,0.3471497694,0.49319496
0.9329329329,0.9999463971,0.998947045,0.9999999863,0.9942663136,0.7125591079,0.9630105888,0.8601589979,0.3481060605,0.4957969927
0.9349349349,0.9999475034,0.9989667882,0.9999999871,0.9943470236,0.7136020886,0.9636960214,0.8610447141,0.3490612654,0.4983936259
0.9369369369,0.9999485859,0.99898615,0.9999999879,0.9944265538,0.7146410444,0.9643695891,0.8619247208,0.3500153813,0.5009847727
0.9389389389,0.999949645,0.9990051382,0.9999999887,0.9945049221,0.7156759899,0.9650314739,0.8627990531,0.3509684055,0.5035703475
0.9409409409,0.9999506814,0.99902376,0.9999999894,0.9945821459,0.7167069393,0.9656818556,0.8636677457,0.3519203353,0.5061502658
0.9429429429,0.9999516954,0.9990420228,0.9999999901,0.9946582425,0.7177339071,0.9663209122,0.8645308334,0.3528711679,0.5087244444
0.9449449449,0.9999526877,0.9990599336,0.9999999907,0.9947332288,0.7187569077,0.9669488191,0.8653883507,0.3538209008,0.5112928013
0.9469469469,0.9999536586,0.9990774994,0.9999999913,0.9948071216,0.7197759553,0.9675657498,0.8662403321,0.3547695313,0.5138552559
0.9489489489,0.9999546087,0.999094727,0.9999999919,0.9948799374,0.7207910644,0.9681718759,0.8670868116,0.3557170569,0.5164117287
0.950950951,0.9999555385,0.9991116232,0.9999999924,0.9949516922,0.7218022491,0.9687673665,0.8679278233,0.3566634752,0.5189621415
0.952952953,0.9999564483,0.9991281944,0.9999999929,0.9950224021,0.7228095238,0.9693523888,0.8687634011,0.3576087836,0.5215064172
0.954954955,0.9999573386,0.999144447,0.9999999933,0.9950920828,0.7238129027,0.9699271081,0.8695935788,0.3585529797,0.5240444801
0.956956957,0.99995821,0.9991603874,0.9999999937,0.9951607497,0.7248124,0.9704916872,0.8704183897,0.3594960611,0.5265762557
0.958958959,0.9999590627,0.9991760217,0.9999999941,0.9952284181,0.7258080298,0.9710462872,0.8712378674,0.3604380255,0.5291016705
0.960960961,0.9999598973,0.999191356,0.9999999945,0.995295103,0.7267998065,0.9715910669,0.8720520449,0.3613788706,0.5316206525
0.962962963,0.999960714,0.9992063961,0.9999999948,0.9953608191,0.727787744,0.9721261834,0.8728609553,0.3623185941,0.5341331308
0.964964965,0.9999615134,0.9992211479,0.9999999952,0.995425581,0.7287718565,0.9726517913,0.8736646316,0.3632571937,0.5366390356
0.966966967,0.9999622957,0.999235617,0.9999999955,0.9954894029,0.729752158,0.9731680435,0.8744631063,0.3641946674,0.5391382984
0.968968969,0.9999630614,0.999249809,0.9999999958,0.995552299,0.7307286627,0.973675091,0.875256412,0.3651310128,0.541630852
0.970970971,0.9999638109,0.9992637294,0.999999996,0.9956142832,0.7317013846,0.9741730824,0.8760445812,0.366066228,0.5441166302
0.972972973,0.9999645445,0.9992773834,0.9999999963,0.9956753691,0.7326703375,0.9746621647,0.8768276459,0.3670003108,0.546595568
0.974974975,0.9999652625,0.9992907764,0.9999999965,0.9957355701,0.7336355356,0.9751424827,0.8776056381,0.3679332591,0.5490676018
0.976976977,0.9999659653,0.9993039134,0.9999999967,0.9957948995,0.7345969927,0.9756141795,0.8783785899,0.3688650711,0.5515326689
0.978978979,0.9999666533,0.9993167995,0.9999999969,0.9958533704,0.7355547228,0.9760773959,0.8791465328,0.3697957447,0.5539907079
0.980980981,0.9999673267,0.9993294395,0.9999999971,0.9959109956,0.7365087396,0.9765322712,0.8799094984,0.3707252779,0.5564416586
0.982982983,0.9999679859,0.9993418385,0.9999999973,0.9959677878,0.7374590572,0.9769789424,0.8806675181,0.3716536689,0.5588854618
0.984984985,0.9999686312,0.9993540009,0.9999999975,0.9960237593,0.7384056892,0.977417545,0.881420623,0.3725809158,0.5613220596
0.986986987,0.9999692629,0.9993659316,0.9999999976,0.9960789225,0.7393486494,0.9778482122,0.8821688442,0.3735070168,0.5637513953
0.988988989,0.9999698813,0.999377635,0.9999999978,0.9961332894,0.7402879517,0.9782710758,0.8829122125,0.3744319701,0.5661734131
0.990990991,0.9999704867,0.9993891155,0.9999999979,0.996186872,0.7412236096,0.9786862653,0.8836507587,0.375355774,0.5685880585
0.992992993,0.9999710793,0.9994003776,0.9999999981,0.9962396818,0.742155637,0.9790939088,0.8843845133,0.3762784266,0.5709952781
0.994994995,0.9999716595,0.9994114256,0.9999999982,0.9962917305,0.7430840475,0.9794941322,0.8851135066,0.3771999264,0.5733950197
0.996996997,0.9999722276,0.9994222635,0.9999999983,0.9963430295,0.7440088547,0.97988706,0.885837769,0.3781202716,0.575787232
0.998998999,0.9999727837,0.9994328955,0.9999999984,0.9963935897,0.7449300721,0.9802728145,0.8865573303,0.3790394606,0.578171865
1.001001001,0.9999733282,0.9994433257,0.9999999985,0.9964434224,0.7458477134,0.9806515166,0.8872722205,0.3799574919,0.5805488697
1.003003003,0.9999738613,0.9994535579,0.9999999986,0.9964925383,0.746761792,0.9810232853,0.8879824694,0.3808743639,0.5829181982
1.005005005,0.9999743833,0.9994635961,0.9999999987,0.9965409481,0.7476723215,0.9813882378,0.8886881064,0.381790075,0.5852798037
1.007007007,0.9999748944,0.999473444,0.9999999988,0.9965886623,0.7485793153,0.9817464898,0.8893891609,0.3827046238,0.5876336405
1.009009009,0.9999753948,0.9994831053,0.9999999988,0.9966356912,0.7494827869,0.9820981551,0.8900856622,0.3836180088,0.5899796639
1.011011011,0.9999758848,0.9994925837,0.9999999989,0.9966820451,0.7503827495,0.9824433459,0.8907776394,0.3845302285,0.5923178304
1.013013013,0.9999763645,0.9995018827,0.999999999,0.9967277339,0.7512792167,0.9827821727,0.8914651214,0.3854412816,0.5946480974
1.015015015,0.9999768343,0.9995110059,0.999999999,0.9967727676,0.7521722016,0.9831147445,0.8921481368,0.3863511667,0.5969704234
1.017017017,0.9999772944,0.9995199565,0.9999999991,0.9968171558,0.7530617176,0.9834411686,0.8928267143,0.3872598824,0.599284768
1.019019019,0.9999777448,0.9995287381,0.9999999992,0.9968609082,0.753947778,0.9837615506,0.8935008823,0.3881674275,0.6015910917
1.021021021,0.999978186,0.9995373539,0.9999999992,0.9969040342,0.7548303959,0.9840759946,0.8941706691,0.3890738006,0.6038893561
1.023023023,0.999978618,0.999545807,0.9999999993,0.9969465431,0.7557095845,0.9843846031,0.8948361027,0.3899790006,0.606179524
1.025025025,0.999979041,0.9995541007,0.9999999993,0.996988444,0.756585357,0.9846874771,0.8954972111,0.3908830261,0.6084615588
1.027027027,0.9999794553,0.9995622381,0.9999999994,0.9970297459,0.7574577265,0.9849847161,0.8961540222,0.391785876,0.6107354252
1.029029029,0.999979861,0.9995702222,0.9999999994,0.9970704577,0.758326706,0.9852764178,0.8968065634,0.3926875492,0.6130010889
1.031031031,0.9999802584,0.9995780559,0.9999999994,0.9971105882,0.7591923086,0.9855626787,0.8974548624,0.3935880445,0.6152585165
1.033033033,0.9999806476,0.9995857422,0.9999999995,0.9971501459,0.7600545473,0.9858435937,0.8980989463,0.3944873607,0.6175076754
1.035035035,0.9999810287,0.999593284,0.9999999995,0.9971891394,0.7609134351,0.9861192563,0.8987388424,0.3953854969,0.6197485344
1.037037037,0.999981402,0.9996006839,0.9999999995,0.9972275769,0.7617689848,0.9863897584,0.8993745776,0.396282452,0.6219810628
1.039039039,0.9999817676,0.9996079449,0.9999999996,0.9972654666,0.7626212094,0.9866551907,0.9000061789,0.3971782249,0.6242052312
1.041041041,0.9999821257,0.9996150695,0.9999999996,0.9973028168,0.7634701218,0.9869156422,0.9006336728,0.3980728147,0.6264210109
1.043043043,0.9999824764,0.9996220604,0.9999999996,0.9973396353,0.7643157347,0.9871712007,0.9012570859,0.3989662203,0.6286283744
1.045045045,0.99998282,0.9996289202,0.9999999996,0.9973759299,0.7651580609,0.9874219526,0.9018764446,0.3998584409,0.6308272948
1.047047047,0.9999831565,0.9996356514,0.9999999997,0.9974117085,0.7659971132,0.9876679829,0.9024917752,0.4007494755,0.6330177463
1.049049049,0.9999834861,0.9996422565,0.9999999997,0.9974469786,0.7668329043,0.9879093752,0.9031031036,0.4016393233,0.6351997041
1.051051051,0.9999838089,0.9996487379,0.9999999997,0.9974817477,0.7676654468,0.9881462118,0.9037104558,0.4025279834,0.6373731441
1.053053053,0.9999841252,0.9996550981,0.9999999997,0.9975160232,0.7684947534,0.9883785738,0.9043138576,0.4034154549,0.6395380433
1.055055055,0.999984435,0.9996613393,0.9999999997,0.9975498123,0.7693208367,0.9886065409,0.9049133346,0.404301737,0.6416943794
1.057057057,0.9999847385,0.9996674638,0.9999999998,0.9975831223,0.7701437092,0.9888301914,0.9055089122,0.405186829,0.643842131
1.059059059,0.9999850358,0.9996734739,0.9999999998,0.9976159601,0.7709633834,0.9890496026,0.9061006158,0.4060707301,0.6459812777
1.061061061,0.999985327,0.9996793718,0.9999999998,0.9976483328,0.7717798719,0.9892648504,0.9066884705,0.4069534396,0.6481117999
1.063063063,0.9999856124,0.9996851597,0.9999999998,0.9976802471,0.7725931871,0.9894760094,0.9072725014,0.4078349567,0.6502336788
1.065065065,0.9999858919,0.9996908396,0.9999999998,0.9977117098,0.7734033413,0.9896831531,0.9078527332,0.4087152808,0.6523468965
1.067067067,0.9999861657,0.9996964137,0.9999999998,0.9977427275,0.774210347,0.9898863539,0.9084291908,0.4095944112,0.6544514358
1.069069069,0.999986434,0.9997018839,0.9999999998,0.9977733067,0.7750142165,0.9900856827,0.9090018986,0.4104723472,0.6565472806
1.071071071,0.9999866968,0.9997072523,0.9999999998,0.9978034539,0.775814962,0.9902812095,0.9095708812,0.4113490883,0.6586344154
1.073073073,0.9999869543,0.9997125208,0.9999999999,0.9978331754,0.7766125958,0.9904730031,0.9101361627,0.4122246339,0.6607128255
1.075075075,0.9999872066,0.9997176913,0.9999999999,0.9978624775,0.7774071302,0.9906611312,0.9106977673,0.4130989834,0.6627824971
1.077077077,0.9999874538,0.9997227658,0.9999999999,0.9978913662,0.7781985773,0.9908456601,0.9112557191,0.4139721363,0.6648434172
1.079079079,0.999987696,0.999727746,0.9999999999,0.9979198477,0.7789869492,0.9910266554,0.9118100417,0.414844092,0.6668955734
1.081081081,0.9999879334,0.9997326337,0.9999999999,0.997947928,0.7797722581,0.9912041814,0.912360759,0.41571485,0.6689389544
1.083083083,0.9999881659,0.9997374308,0.9999999999,0.9979756127,0.780554516,0.9913783013,0.9129078945,0.4165844099,0.6709735494
1.085085085,0.9999883937,0.9997421389,0.9999999999,0.9980029079,0.7813337349,0.9915490772,0.9134514716,0.4174527712,0.6729993483
1.087087087,0.999988617,0.9997467598,0.9999999999,0.9980298191,0.7821099268,0.9917165705,0.9139915135,0.4183199335,0.6750163421
1.089089089,0.9999888358,0.9997512951,0.9999999999,0.9980563519,0.7828831036,0.9918808411,0.9145280434,0.4191858964,0.6770245223
1.091091091,0.9999890501,0.9997557464,0.9999999999,0.998082512,0.7836532774,0.9920419481,0.9150610842,0.4200506595,0.679023881
1.093093093,0.9999892602,0.9997601154,0.9999999999,0.9981083046,0.7844204598,0.9921999498,0.9155906589,0.4209142224,0.6810144113
1.095095095,0.9999894661,0.9997644037,0.9999999999,0.9981337353,0.7851846628,0.9923549031,0.91611679,0.4217765848,0.6829961069
1.097097097,0.9999896678,0.9997686126,0.9999999999,0.9981588092,0.7859458982,0.9925068643,0.9166395002,0.4226377464,0.6849689622
1.099099099,0.9999898655,0.9997727439,0.9999999999,0.9981835315,0.7867041776,0.9926558885,0.917158812,0.4234977068,0.6869329723
1.101101101,0.9999900592,0.9997767989,0.9999999999,0.9982079074,0.7874595129,0.99280203,0.9176747475,0.4243564658,0.6888881329
1.103103103,0.9999902491,0.9997807792,0.9999999999,0.998231942,0.7882119156,0.9929453421,0.9181873289,0.4252140231,0.6908344407
1.105105105,0.9999904351,0.999784686,0.9999999999,0.9982556401,0.7889613975,0.9930858772,0.9186965783,0.4260703785,0.6927718926
1.107107107,0.9999906175,0.9997885209,1,0.9982790068,0.78970797,0.9932236869,0.9192025175,0.4269255318,0.6947004866
1.109109109,0.9999907962,0.9997922851,1,0.9983020467,0.7904516448,0.9933588217,0.9197051682,0.4277794827,0.6966202211
1.111111111,0.9999909714,0.9997959801,1,0.9983247647,0.7911924334,0.9934913314,0.9202045521,0.4286322311,0.6985310953
1.113113113,0.9999911431,0.9997996072,1,0.9983471653,0.7919303473,0.9936212648,0.9207006907,0.4294837768,0.7004331088
1.115115115,0.9999913113,0.9998031675,1,0.9983692534,0.7926653978,0.99374867,0.9211936052,0.4303341197,0.7023262621
1.117117117,0.9999914762,0.9998066625,1,0.9983910332,0.7933975965,0.9938735943,0.921683317,0.4311832596,0.7042105563
1.119119119,0.9999916379,0.9998100933,1,0.9984125094,0.7941269546,0.9939960839,0.9221698469,0.4320311965,0.7060859929
1.121121121,0.9999917963,0.9998134612,1,0.9984336864,0.7948534835,0.9941161844,0.9226532161,0.4328779302,0.7079525742
1.123123123,0.9999919516,0.9998167673,1,0.9984545684,0.7955771944,0.9942339407,0.9231334453,0.4337234608,0.7098103031
1.125125125,0.9999921039,0.9998200128,1,0.9984751597,0.7962980987,0.9943493966,0.9236105552,0.4345677881,0.7116591829
1.127127127,0.9999922531,0.9998231988,1,0.9984954646,0.7970162075,0.9944625955,0.9240845663,0.4354109121,0.7134992177
1.129129129,0.9999923994,0.9998263266,1,0.9985154871,0.797731532,0.9945735797,0.9245554991,0.4362528328,0.7153304122
1.131131131,0.9999925427,0.9998293971,1,0.9985352314,0.7984440832,0.994682391,0.9250233739,0.4370935502,0.7171527714
1.133133133,0.9999926833,0.9998324115,1,0.9985547015,0.7991538724,0.9947890703,0.9254882107,0.4379330644,0.7189663011
1.135135135,0.9999928211,0.9998353708,1,0.9985739014,0.7998609105,0.9948936579,0.9259500298,0.4387713753,0.7207710076
1.137137137,0.9999929562,0.999838276,1,0.9985928349,0.8005652086,0.9949961932,0.9264088509,0.4396084831,0.7225668977
1.139139139,0.9999930886,0.9998411283,1,0.9986115059,0.8012667777,0.9950967152,0.9268646938,0.4404443878,0.7243539788
1.141141141,0.9999932184,0.9998439285,1,0.9986299181,0.8019656286,0.9951952619,0.9273175783,0.4412790896,0.7261322587
1.143143143,0.9999933456,0.9998466776,1,0.9986480754,0.8026617722,0.9952918708,0.9277675239,0.4421125884,0.7279017459
1.145145145,0.9999934704,0.9998493767,1,0.9986659813,0.8033552195,0.9953865787,0.9282145499,0.4429448845,0.7296624493
1.147147147,0.9999935927,0.9998520266,1,0.9986836396,0.8040459812,0.9954794216,0.9286586756,0.4437759779,0.7314143783
1.149149149,0.9999937127,0.9998546283,1,0.9987010536,0.8047340682,0.9955704352,0.9290999203,0.4446058689,0.7331575428
1.151151151,0.9999938302,0.9998571827,1,0.9987182271,0.8054194911,0.9956596541,0.9295383029,0.4454345577,0.7348919534
1.153153153,0.9999939455,0.9998596907,1,0.9987351634,0.8061022606,0.9957471127,0.9299738425,0.4462620443,0.7366176208
1.155155155,0.9999940585,0.9998621531,1,0.9987518659,0.8067823875,0.9958328445,0.9304065577,0.4470883291,0.7383345565
1.157157157,0.9999941694,0.9998645708,1,0.998768338,0.8074598824,0.9959168825,0.9308364673,0.4479134122,0.7400427723
1.159159159,0.999994278,0.9998669446,1,0.998784583,0.8081347558,0.995999259,0.9312635898,0.4487372939,0.7417422805
1.161161161,0.9999943846,0.9998692754,1,0.9988006042,0.8088070182,0.996080006,0.9316879438,0.4495599745,0.743433094
1.163163163,0.999994489,0.9998715639,1,0.9988164047,0.8094766803,0.9961591545,0.9321095474,0.4503814541,0.7451152258
1.165165165,0.9999945915,0.999873811,1,0.9988319878,0.8101437524,0.9962367354,0.9325284189,0.4512017332,0.7467886898
1.167167167,0.9999946919,0.9998760174,1,0.9988473565,0.8108082451,0.9963127785,0.9329445764,0.4520208119,0.7484534999
1.169169169,0.9999947904,0.999878184,1,0.9988625139,0.8114701686,0.9963873137,0.9333580379,0.4528386907,0.7501096707
1.171171171,0.999994887,0.9998803113,1,0.998877463,0.8121295334,0.9964603697,0.9337688213,0.4536553698,0.751757217
1.173173173,0.9999949817,0.9998824002,1,0.9988922069,0.8127863498,0.9965319751,0.9341769442,0.4544708496,0.7533961544
1.175175175,0.9999950746,0.9998844514,1,0.9989067484,0.813440628,0.9966021579,0.9345824243,0.4552851304,0.7550264984
1.177177177,0.9999951657,0.9998864655,1,0.9989210905,0.8140923783,0.9966709455,0.9349852792,0.4560982126,0.7566482653
1.179179179,0.999995255,0.9998884434,1,0.9989352359,0.814741611,0.9967383649,0.9353855262,0.4569100967,0.7582614716
1.181181181,0.9999953426,0.9998903856,1,0.9989491875,0.8153883361,0.9968044424,0.9357831826,0.4577207829,0.7598661342
1.183183183,0.9999954285,0.9998922928,1,0.9989629481,0.8160325638,0.996869204,0.9361782656,0.4585302718,0.7614622705
1.185185185,0.9999955127,0.9998941656,1,0.9989765203,0.8166743042,0.9969326753,0.9365707922,0.4593385637,0.763049898
1.187187187,0.9999955954,0.9998960048,1,0.998989907,0.8173135674,0.9969948812,0.9369607795,0.4601456591,0.7646290348
1.189189189,0.9999956764,0.9998978109,1,0.9990031106,0.8179503633,0.9970558462,0.9373482443,0.4609515584,0.7661996994
1.191191191,0.9999957559,0.9998995845,1,0.9990161338,0.818584702,0.9971155945,0.9377332032,0.4617562621,0.7677619104
1.193193193,0.9999958338,0.9999013263,1,0.9990289792,0.8192165934,0.9971741497,0.938115673,0.4625597708,0.769315687
1.195195195,0.9999959103,0.9999030368,1,0.9990416493,0.8198460474,0.997231535,0.9384956701,0.4633620848,0.7708610486
1.197197197,0.9999959853,0.9999047166,1,0.9990541466,0.8204730738,0.9972877731,0.938873211,0.4641632047,0.7723980149
1.199199199,0.9999960588,0.9999063663,1,0.9990664736,0.8210976825,0.9973428864,0.9392483119,0.464963131,0.7739266061
1.201201201,0.9999961309,0.9999079864,1,0.9990786326,0.8217198833,0.9973968968,0.9396209891,0.4657618642,0.7754468425
1.203203203,0.9999962017,0.9999095775,1,0.9990906261,0.822339686,0.9974498259,0.9399912587,0.466559405,0.7769587449
1.205205205,0.9999962711,0.9999111402,1,0.9991024564,0.8229571002,0.9975016947,0.9403591366,0.4673557538,0.7784623342
1.207207207,0.9999963392,0.9999126749,1,0.9991141257,0.8235721357,0.997552524,0.9407246388,0.4681509112,0.7799576319
1.209209209,0.999996406,0.9999141822,1,0.9991256365,0.824184802,0.9976023341,0.9410877809,0.4689448778,0.7814446596
1.211211211,0.9999964715,0.9999156625,1,0.9991369909,0.8247951089,0.9976511449,0.9414485788,0.4697376542,0.7829234391
1.213213213,0.9999965357,0.9999171164,1,0.9991481912,0.8254030658,0.9976989761,0.9418070479,0.4705292409,0.7843939927
1.215215215,0.9999965988,0.9999185444,1,0.9991592395,0.8260086824,0.9977458467,0.9421632037,0.4713196387,0.7858563428
1.217217217,0.9999966606,0.9999199469,1,0.9991701379,0.826611968,0.9977917757,0.9425170617,0.4721088482,0.7873105121
1.219219219,0.9999967213,0.9999213244,1,0.9991808887,0.8272129322,0.9978367816,0.942868637,0.4728968699,0.7887565238
1.221221221,0.9999967808,0.9999226773,1,0.9991914938,0.8278115844,0.9978808824,0.9432179448,0.4736837045,0.790194401
1.223223223,0.9999968391,0.9999240062,1,0.9992019553,0.828407934,0.9979240961,0.9435650003,0.4744693528,0.7916241673
1.225225225,0.9999968964,0.9999253115,1,0.9992122753,0.8290019903,0.9979664399,0.9439098183,0.4752538153,0.7930458465
1.227227227,0.9999969526,0.9999265935,1,0.9992224558,0.8295937627,0.9980079311,0.9442524138,0.4760370927,0.7944594626
1.229229229,0.9999970077,0.9999278527,1,0.9992324987,0.8301832604,0.9980485864,0.9445928016,0.4768191858,0.7958650398
1.231231231,0.9999970618,0.9999290896,1,0.9992424059,0.8307704926,0.9980884224,0.9449309962,0.4776000953,0.7972626026
1.233233233,0.9999971149,0.9999303046,1,0.9992521794,0.8313554687,0.9981274551,0.9452670123,0.4783798218,0.7986521757
1.235235235,0.9999971669,0.999931498,1,0.9992618211,0.8319381977,0.9981657005,0.9456008644,0.4791583661,0.8000337842
1.237237237,0.999997218,0.9999326702,1,0.9992713327,0.8325186889,0.9982031741,0.9459325668,0.479935729,0.801407453
1.239239239,0.9999972681,0.9999338217,1,0.9992807162,0.8330969512,0.9982398912,0.9462621339,0.4807119111,0.8027732077
1.241241241,0.9999973173,0.9999349527,1,0.9992899733,0.8336729938,0.9982758667,0.9465895798,0.4814869133,0.8041310737
1.243243243,0.9999973655,0.9999360638,1,0.9992991058,0.8342468257,0.9983111153,0.9469149186,0.4822607363,0.8054810768
1.245245245,0.9999974129,0.9999371552,1,0.9993081154,0.8348184559,0.9983456514,0.9472381645,0.4830333809,0.8068232431
1.247247247,0.9999974593,0.9999382273,1,0.999317004,0.8353878933,0.9983794892,0.9475593312,0.4838048478,0.8081575986
1.249249249,0.9999975049,0.9999392805,1,0.999325773,0.835955147,0.9984126424,0.9478784326,0.484575138,0.8094841698
1.251251251,0.9999975496,0.9999403151,1,0.9993344244,0.8365202257,0.9984451247,0.9481954824,0.4853442521,0.810802983
1.253253253,0.9999975935,0.9999413315,1,0.9993429596,0.8370831383,0.9984769494,0.9485104943,0.4861121909,0.8121140651
1.255255255,0.9999976366,0.9999423299,1,0.9993513803,0.8376438937,0.9985081295,0.9488234819,0.4868789555,0.813417443
1.257257257,0.9999976788,0.9999433107,1,0.9993596882,0.8382025006,0.998538678,0.9491344585,0.4876445464,0.8147131435
1.259259259,0.9999977203,0.9999442743,1,0.9993678847,0.8387589678,0.9985686072,0.9494434376,0.4884089647,0.816001194
1.261261261,0.999997761,0.9999452209,1,0.9993759715,0.8393133041,0.9985979297,0.9497504325,0.4891722112,0.8172816218
1.263263263,0.9999978009,0.9999461508,1,0.99938395,0.839865518,0.9986266574,0.9500554563,0.4899342866,0.8185544545
1.265265265,0.9999978401,0.9999470644,1,0.9993918219,0.8404156182,0.9986548022,0.9503585222,0.4906951919,0.8198197196
1.267267267,0.9999978786,0.999947962,1,0.9993995885,0.8409636134,0.9986823757,0.9506596431,0.4914549281,0.821077445
1.269269269,0.9999979163,0.9999488438,1,0.9994072513,0.8415095121,0.9987093894,0.9509588321,0.4922134958,0.8223276586
1.271271271,0.9999979534,0.9999497101,1,0.9994148119,0.8420533228,0.9987358543,0.9512561019,0.4929708962,0.8235703885
1.273273273,0.9999979897,0.9999505612,1,0.9994222715,0.8425950542,0.9987617816,0.9515514653,0.49372713,0.824805663
1.275275275,0.9999980254,0.9999513974,1,0.9994296317,0.8431347146,0.9987871818,0.9518449351,0.4944821981,0.8260335103
1.277277277,0.9999980604,0.999952219,1,0.9994368938,0.8436723125,0.9988120657,0.9521365237,0.4952361016,0.8272539589
1.279279279,0.9999980948,0.9999530262,1,0.9994440591,0.8442078564,0.9988364434,0.9524262437,0.4959888413,0.8284670374
1.281281281,0.9999981285,0.9999538192,1,0.9994511291,0.8447413545,0.9988603251,0.9527141076,0.4967404182,0.8296727744
1.283283283,0.9999981616,0.9999545984,1,0.9994581049,0.8452728152,0.9988837208,0.9530001276,0.4974908332,0.8308711988
1.285285285,0.9999981941,0.999955364,1,0.999464988,0.8458022469,0.9989066402,0.953284316,0.4982400873,0.8320623395
1.287287287,0.999998226,0.9999561162,1,0.9994717797,0.8463296578,0.9989290928,0.9535666851,0.4989881815,0.8332462255
1.289289289,0.9999982573,0.9999568553,1,0.9994784811,0.8468550562,0.998951088,0.9538472469,0.4997351166,0.8344228859
1.291291291,0.999998288,0.9999575815,1,0.9994850935,0.8473784502,0.9989726351,0.9541260133,0.5004808937,0.8355923498
1.293293293,0.9999983182,0.999958295,1,0.9994916183,0.8478998481,0.9989937429,0.9544029965,0.5012255138,0.8367546466
1.295295295,0.9999983478,0.9999589961,1,0.9994980565,0.8484192579,0.9990144203,0.9546782081,0.5019689779,0.8379098057
1.297297297,0.9999983769,0.999959685,1,0.9995044094,0.8489366879,0.999034676,0.95495166,0.5027112869,0.8390578565
1.299299299,0.9999984054,0.9999603619,1,0.9995106781,0.849452146,0.9990545185,0.9552233639,0.503452442,0.8401988285
1.301301301,0.9999984334,0.999961027,1,0.9995168639,0.8499656403,0.999073956,0.9554933314,0.504192444,0.8413327514
1.303303303,0.9999984609,0.9999616806,1,0.9995229679,0.8504771789,0.9990929968,0.955761574,0.504931294,0.8424596548
1.305305305,0.9999984879,0.9999623228,1,0.9995289911,0.8509867697,0.9991116487,0.9560281032,0.5056689931,0.8435795685
1.307307307,0.9999985143,0.9999629539,1,0.9995349348,0.8514944207,0.9991299197,0.9562929305,0.5064055423,0.8446925224
1.309309309,0.9999985404,0.999963574,1,0.9995407999,0.8520001397,0.9991478174,0.956556067,0.5071409426,0.8457985462
1.311311311,0.9999985659,0.9999641834,1,0.9995465877,0.8525039347,0.9991653493,0.956817524,0.5078751951,0.8468976699
1.313313313,0.9999985909,0.9999647822,1,0.9995522991,0.8530058135,0.9991825229,0.9570773127,0.5086083008,0.8479899236
1.315315315,0.9999986155,0.9999653706,1,0.9995579352,0.8535057839,0.9991993454,0.9573354442,0.5093402608,0.8490753372
1.317317317,0.9999986397,0.9999659489,1,0.9995634971,0.8540038538,0.9992158238,0.9575919295,0.5100710762,0.8501539409
1.319319319,0.9999986634,0.9999665171,1,0.9995689857,0.8545000308,0.9992319651,0.9578467795,0.5108007481,0.8512257648
1.321321321,0.9999986867,0.9999670756,1,0.9995744021,0.8549943227,0.9992477761,0.958100005,0.5115292775,0.852290839
1.323323323,0.9999987096,0.9999676243,1,0.9995797473,0.8554867373,0.9992632635,0.958351617,0.5122566655,0.8533491939
1.325325325,0.999998732,0.9999681636,1,0.9995850221,0.8559772821,0.9992784338,0.958601626,0.5129829132,0.8544008595
1.327327327,0.999998754,0.9999686936,1,0.9995902277,0.8564659647,0.9992932935,0.9588500427,0.5137080217,0.8554458663
1.329329329,0.9999987757,0.9999692145,1,0.999595365,0.8569527929,0.9993078489,0.9590968777,0.5144319922,0.8564842446
1.331331331,0.9999987969,0.9999697264,1,0.9996004348,0.8574377741,0.999322106,0.9593421415,0.5151548257,0.8575160246
1.333333333,0.9999988178,0.9999702295,1,0.9996054381,0.8579209159,0.999336071,0.9595858446,0.5158765234,0.8585412367
1.335335335,0.9999988383,0.9999707239,1,0.9996103759,0.8584022258,0.9993497498,0.9598279972,0.5165970864,0.8595599114
1.337337337,0.9999988584,0.9999712098,1,0.999615249,0.8588817112,0.9993631482,0.9600686097,0.5173165158,0.860572079
1.339339339,0.9999988781,0.9999716873,1,0.9996200582,0.8593593797,0.9993762718,0.9603076923,0.5180348128,0.8615777699
1.341341341,0.9999988975,0.9999721566,1,0.9996248046,0.8598352386,0.9993891263,0.9605452551,0.5187519785,0.8625770146
1.343343343,0.9999989165,0.9999726179,1,0.9996294889,0.8603092954,0.999401717,0.9607813083,0.519468014,0.8635698436
1.345345345,0.9999989352,0.9999730713,1,0.9996341119,0.8607815573,0.9994140495,0.9610158618,0.5201829205,0.8645562872
1.347347347,0.9999989536,0.9999735169,1,0.9996386746,0.8612520317,0.9994261288,0.9612489256,0.5208966992,0.8655363759
1.349349349,0.9999989716,0.9999739548,1,0.9996431777,0.8617207259,0.9994379602,0.9614805096,0.5216093513,0.8665101402
1.351351351,0.9999989893,0.9999743853,1,0.9996476221,0.8621876471,0.9994495487,0.9617106235,0.5223208778,0.8674776105
1.353353353,0.9999990067,0.9999748083,1,0.9996520085,0.8626528026,0.9994608992,0.9619392772,0.5230312801,0.8684388173
1.355355355,0.9999990238,0.9999752242,1,0.9996563378,0.8631161996,0.9994720166,0.9621664803,0.5237405592,0.869393791
1.357357357,0.9999990405,0.9999756329,1,0.9996606107,0.8635778453,0.9994829056,0.9623922425,0.5244487163,0.870342562
1.359359359,0.999999057,0.9999760346,1,0.9996648279,0.8640377467,0.9994935708,0.9626165732,0.5251557527,0.8712851609
1.361361361,0.9999990732,0.9999764295,1,0.9996689903,0.8644959111,0.9995040169,0.962839482,0.5258616695,0.8722216179
1.363363363,0.999999089,0.9999768176,1,0.9996730986,0.8649523455,0.9995142483,0.9630609782,0.526566468,0.8731519636
1.365365365,0.9999991046,0.9999771991,1,0.9996771535,0.865407057,0.9995242693,0.9632810714,0.5272701493,0.8740762282
1.367367367,0.9999991199,0.9999775742,1,0.9996811557,0.8658600525,0.9995340843,0.9634997706,0.5279727146,0.8749944421
1.369369369,0.999999135,0.9999779428,1,0.999685106,0.8663113391,0.9995436975,0.9637170853,0.5286741652,0.8759066357
1.371371371,0.9999991498,0.9999783051,1,0.999689005,0.8667609238,0.9995531129,0.9639330245,0.5293745024,0.8768128393
1.373373373,0.9999991643,0.9999786613,1,0.9996928535,0.8672088135,0.9995623346,0.9641475973,0.5300737272,0.8777130832
1.375375375,0.9999991785,0.9999790114,1,0.9996966521,0.867655015,0.9995713666,0.9643608129,0.530771841,0.8786073977
1.377377377,0.9999991925,0.9999793555,1,0.9997004016,0.8680995354,0.9995802127,0.9645726801,0.5314688449,0.8794958129
1.379379379,0.9999992063,0.9999796939,1,0.9997041025,0.8685423814,0.9995888767,0.9647832079,0.5321647403,0.8803783591
1.381381381,0.9999992198,0.9999800264,1,0.9997077556,0.8689835598,0.9995973624,0.9649924053,0.5328595283,0.8812550664
1.383383383,0.999999233,0.9999803534,1,0.9997113614,0.8694230775,0.9996056734,0.9652002809,0.5335532102,0.882125965
1.385385385,0.9999992461,0.9999806747,1,0.9997149206,0.8698609413,0.9996138132,0.9654068435,0.5342457873,0.882991085
1.387387387,0.9999992589,0.9999809907,1,0.9997184339,0.8702971578,0.9996217854,0.9656121019,0.5349372608,0.8838504564
1.389389389,0.9999992714,0.9999813012,1,0.9997219019,0.8707317338,0.9996295934,0.9658160646,0.5356276319,0.8847041092
1.391391391,0.9999992838,0.9999816066,1,0.9997253251,0.871164676,0.9996372405,0.9660187401,0.536316902,0.8855520734
1.393393393,0.9999992959,0.9999819067,1,0.9997287042,0.871595991,0.9996447301,0.9662201372,0.5370050723,0.886394379
1.395395395,0.9999993078,0.9999822018,1,0.9997320398,0.8720256854,0.9996520654,0.966420264,0.5376921441,0.8872310557
1.397397397,0.9999993195,0.9999824919,1,0.9997353324,0.8724537659,0.9996592494,0.9666191292,0.5383781186,0.8880621334
1.399399399,0.999999331,0.9999827771,1,0.9997385827,0.872880239,0.9996662854,0.9668167409,0.5390629971,0.8888876419
1.401401401,0.9999993423,0.9999830575,1,0.9997417911,0.8733051113,0.9996731764,0.9670131075,0.5397467809,0.889707611
1.403403403,0.9999993534,0.9999833331,1,0.9997449583,0.8737283893,0.9996799252,0.9672082373,0.5404294714,0.8905220702
1.405405405,0.9999993643,0.9999836041,1,0.9997480849,0.8741500795,0.9996865349,0.9674021383,0.5411110697,0.8913310492
1.407407407,0.999999375,0.9999838706,1,0.9997511713,0.8745701883,0.9996930084,0.9675948187,0.5417915771,0.8921345776
1.409409409,0.9999993855,0.9999841325,1,0.9997542181,0.8749887222,0.9996993482,0.9677862866,0.5424709951,0.8929326849
1.411411411,0.9999993958,0.99998439,1,0.9997572258,0.8754056876,0.9997055574,0.9679765499,0.5431493248,0.8937254004
1.413413413,0.999999406,0.9999846432,1,0.999760195,0.8758210909,0.9997116384,0.9681656167,0.5438265676,0.8945127536
1.415415415,0.999999416,0.9999848922,1,0.9997631262,0.8762349384,0.999717594,0.9683534947,0.5445027247,0.8952947739
1.417417417,0.9999994258,0.999985137,1,0.9997660198,0.8766472365,0.9997234266,0.9685401919,0.5451777976,0.8960714903
1.419419419,0.9999994354,0.9999853776,1,0.9997688764,0.8770579915,0.9997291389,0.9687257161,0.5458517875,0.8968429322
1.421421421,0.9999994449,0.9999856143,1,0.9997716965,0.8774672095,0.9997347333,0.9689100749,0.5465246957,0.8976091286
1.423423423,0.9999994541,0.9999858469,1,0.9997744806,0.877874897,0.9997402123,0.9690932761,0.5471965235,0.8983701087
1.425425425,0.9999994633,0.9999860757,1,0.9997772291,0.8782810602,0.9997455781,0.9692753272,0.5478672723,0.8991259013
1.427427427,0.9999994722,0.9999863006,1,0.9997799425,0.8786857051,0.9997508332,0.969456236,0.5485369434,0.8998765354
1.429429429,0.9999994811,0.9999865217,1,0.9997826213,0.879088838,0.9997559798,0.9696360099,0.5492055381,0.9006220399
1.431431431,0.9999994897,0.9999867392,1,0.999785266,0.8794904651,0.9997610201,0.9698146563,0.5498730577,0.9013624434
1.433433433,0.9999994982,0.999986953,1,0.9997878769,0.8798905925,0.9997659563,0.9699921828,0.5505395037,0.9020977748
1.435435435,0.9999995066,0.9999871633,1,0.9997904546,0.8802892261,0.9997707905,0.9701685966,0.5512048772,0.9028280625
1.437437437,0.9999995148,0.99998737,1,0.9997929995,0.8806863723,0.999775525,0.9703439052,0.5518691798,0.9035533352
1.439439439,0.9999995229,0.9999875733,1,0.9997955121,0.8810820369,0.9997801616,0.9705181157,0.5525324126,0.9042736213
1.441441441,0.9999995308,0.9999877732,1,0.9997979926,0.8814762259,0.9997847024,0.9706912355,0.5531945771,0.9049889492
1.443443443,0.9999995386,0.9999879697,1,0.9998004417,0.8818689455,0.9997891495,0.9708632717,0.5538556746,0.9056993471
1.445445445,0.9999995463,0.999988163,1,0.9998028597,0.8822602015,0.9997935046,0.9710342314,0.5545157065,0.9064048434
1.447447447,0.9999995538,0.9999883531,1,0.999805247,0.8826499999,0.9997977698,0.9712041218,0.555174674,0.9071054662
1.449449449,0.9999995612,0.99998854,1,0.999807604,0.8830383466,0.9998019468,0.9713729498,0.5558325786,0.9078012434
1.451451451,0.9999995684,0.9999887238,1,0.9998099311,0.8834252475,0.9998060375,0.9715407224,0.5564894217,0.9084922031
1.453453453,0.9999995756,0.9999889045,1,0.9998122287,0.8838107085,0.9998100437,0.9717074466,0.5571452045,0.9091783732
1.455455455,0.9999995826,0.9999890823,1,0.9998144973,0.8841947354,0.9998139671,0.9718731293,0.5577999285,0.9098597815
1.457457457,0.9999995895,0.9999892571,1,0.9998167371,0.8845773341,0.9998178094,0.9720377772,0.558453595,0.9105364556
1.459459459,0.9999995963,0.999989429,1,0.9998189486,0.8849585102,0.9998215722,0.9722013973,0.5591062053,0.9112084233
1.461461461,0.9999996029,0.999989598,1,0.9998211322,0.8853382697,0.9998252573,0.9723639963,0.559757761,0.911875712
1.463463463,0.9999996095,0.9999897642,1,0.9998232881,0.8857166182,0.9998288662,0.9725255808,0.5604082632,0.9125383492
1.465465465,0.9999996159,0.9999899277,1,0.9998254169,0.8860935615,0.9998324005,0.9726861576,0.5610577135,0.9131963623
1.467467467,0.9999996222,0.9999900885,1,0.9998275188,0.8864691052,0.9998358617,0.9728457332,0.5617061131,0.9138497785
1.469469469,0.9999996285,0.9999902466,1,0.9998295942,0.8868432551,0.9998392513,0.9730043142,0.5623534635,0.914498625
1.471471471,0.9999996346,0.9999904021,1,0.9998316434,0.8872160167,0.9998425709,0.9731619071,0.562999766,0.915142929
1.473473473,0.9999996406,0.999990555,1,0.9998336668,0.8875873958,0.9998458218,0.9733185185,0.5636450221,0.9157827173
1.475475475,0.9999996465,0.9999907054,1,0.9998356647,0.8879573979,0.9998490055,0.9734741548,0.564289233,0.9164180168
1.477477477,0.9999996523,0.9999908534,1,0.9998376375,0.8883260285,0.9998521233,0.9736288223,0.5649324003,0.9170488545
1.479479479,0.999999658,0.9999909988,1,0.9998395855,0.8886932933,0.9998551767,0.9737825274,0.5655745252,0.917675257
1.481481481,0.9999996636,0.9999911419,1,0.999841509,0.8890591978,0.9998581669,0.9739352765,0.5662156092,0.9182972509
1.483483483,0.9999996691,0.9999912827,1,0.9998434083,0.8894237474,0.9998610953,0.9740870757,0.5668556537,0.9189148627
1.485485485,0.9999996745,0.9999914211,1,0.9998452838,0.8897869477,0.9998639631,0.9742379314,0.5674946601,0.9195281188
1.487487487,0.9999996798,0.9999915572,1,0.9998471358,0.8901488041,0.9998667716,0.9743878496,0.5681326297,0.9201370456
1.489489489,0.999999685,0.9999916911,1,0.9998489646,0.8905093221,0.999869522,0.9745368366,0.5687695639,0.9207416693
1.491491491,0.9999996902,0.9999918228,1,0.9998507704,0.8908685071,0.9998722155,0.9746848983,0.5694054643,0.921342016
1.493493493,0.9999996952,0.9999919523,1,0.9998525536,0.8912263644,0.9998748533,0.974832041,0.570040332,0.9219381118
1.495495495,0.9999997002,0.9999920797,1,0.9998543145,0.8915828995,0.9998774365,0.9749782706,0.5706741687,0.9225299825
1.497497497,0.9999997051,0.999992205,1,0.9998560533,0.8919381176,0.9998799663,0.975123593,0.5713069756,0.923117654
1.499499499,0.9999997099,0.9999923283,1,0.9998577704,0.8922920242,0.9998824437,0.9752680142,0.5719387542,0.9237011521
1.501501502,0.9999997146,0.9999924495,1,0.9998594661,0.8926446244,0.9998848699,0.9754115402,0.5725695058,0.9242805022
1.503503504,0.9999997192,0.9999925688,1,0.9998611405,0.8929959236,0.9998872459,0.9755541767,0.5731992319,0.9248557301
1.505505506,0.9999997238,0.9999926861,1,0.9998627941,0.8933459271,0.9998895728,0.9756959295,0.573827934,0.925426861
1.507507508,0.9999997282,0.9999928014,1,0.9998644271,0.8936946401,0.9998918515,0.9758368045,0.5744556133,0.9259939203
1.50950951,0.9999997326,0.9999929149,1,0.9998660396,0.8940420677,0.999894083,0.9759768073,0.5750822714,0.9265569333
1.511511512,0.999999737,0.9999930266,1,0.9998676321,0.8943882152,0.9998962684,0.9761159438,0.5757079096,0.9271159249
1.513513514,0.9999997412,0.9999931364,1,0.9998692048,0.8947330878,0.9998984086,0.9762542194,0.5763325294,0.9276709203
1.515515516,0.9999997454,0.9999932444,1,0.9998707578,0.8950766905,0.9999005045,0.9763916399,0.5769561321,0.9282219444
1.517517518,0.9999997495,0.9999933507,1,0.9998722916,0.8954190285,0.9999025571,0.9765282108,0.5775787193,0.9287690218
1.51951952,0.9999997536,0.9999934552,1,0.9998738063,0.895760107,0.9999045671,0.9766639377,0.5782002922,0.9293121774
1.521521522,0.9999997576,0.999993558,1,0.9998753022,0.8960999309,0.9999065356,0.9767988261,0.5788208523,0.9298514358
1.523523524,0.9999997615,0.9999936592,1,0.9998767794,0.8964385054,0.9999084634,0.9769328814,0.5794404012,0.9303868213
1.525525526,0.9999997653,0.9999937587,1,0.9998782384,0.8967758355,0.9999103513,0.9770661091,0.58005894,0.9309183585
1.527527528,0.9999997691,0.9999938565,1,0.9998796792,0.8971119262,0.9999122001,0.9771985145,0.5806764704,0.9314460714
1.52952953,0.9999997728,0.9999939528,1,0.9998811022,0.8974467825,0.9999140106,0.9773301031,0.5812929937,0.9319699845
1.531531532,0.9999997765,0.9999940476,1,0.9998825076,0.8977804094,0.9999157837,0.9774608801,0.5819085114,0.9324901216
1.533533534,0.99999978,0.9999941407,1,0.9998838955,0.8981128118,0.9999175202,0.9775908509,0.5825230248,0.9330065068
1.535535536,0.9999997836,0.9999942324,1,0.9998852663,0.8984439946,0.9999192206,0.9777200207,0.5831365354,0.9335191638
1.537537538,0.999999787,0.9999943226,1,0.9998866201,0.8987739628,0.999920886,0.9778483946,0.5837490446,0.9340281165
1.53953954,0.9999997905,0.9999944113,1,0.9998879572,0.8991027213,0.9999225168,0.977975978,0.5843605539,0.9345333885
1.541541542,0.9999997938,0.9999944986,1,0.9998892778,0.8994302749,0.9999241139,0.9781027758,0.5849710647,0.9350350033
1.543543544,0.9999997971,0.9999945845,1,0.999890582,0.8997566284,0.999925678,0.9782287933,0.5855805784,0.9355329842
1.545545546,0.9999998004,0.999994669,1,0.9998918702,0.9000817868,0.9999272097,0.9783540355,0.5861890965,0.9360273548
1.547547548,0.9999998036,0.9999947521,1,0.9998931424,0.9004057547,0.9999287098,0.9784785075,0.5867966203,0.936518138
1.54954955,0.9999998067,0.9999948339,1,0.999894399,0.9007285371,0.9999301788,0.9786022142,0.5874031513,0.9370053571
1.551551552,0.9999998098,0.9999949144,1,0.9998956401,0.9010501386,0.9999316174,0.9787251606,0.588008691,0.9374890351
1.553553554,0.9999998128,0.9999949935,1,0.9998968659,0.901370564,0.9999330263,0.9788473517,0.5886132408,0.9379691947
1.555555556,0.9999998158,0.9999950714,1,0.9998980767,0.9016898181,0.999934406,0.9789687924,0.5892168021,0.9384458588
1.557557558,0.9999998187,0.999995148,1,0.9998992725,0.9020079054,0.9999357572,0.9790894875,0.5898193764,0.9389190501
1.55955956,0.9999998216,0.9999952234,1,0.9999004536,0.9023248308,0.9999370804,0.9792094419,0.590420965,0.939388791
1.561561562,0.9999998244,0.9999952976,1,0.9999016202,0.9026405989,0.9999383763,0.9793286604,0.5910215695,0.9398551041
1.563563564,0.9999998272,0.9999953706,1,0.9999027725,0.9029552143,0.9999396453,0.9794471477,0.5916211912,0.9403180117
1.565565566,0.99999983,0.9999954424,1,0.9999039107,0.9032686817,0.9999408881,0.9795649087,0.5922198316,0.9407775361
1.567567568,0.9999998327,0.999995513,1,0.9999050349,0.9035810056,0.9999421052,0.9796819479,0.5928174922,0.9412336993
1.56956957,0.9999998353,0.9999955825,1,0.9999061453,0.9038921907,0.9999432972,0.9797982702,0.5934141744,0.9416865233
1.571571572,0.9999998379,0.9999956509,1,0.9999072421,0.9042022415,0.9999444645,0.9799138801,0.5940098795,0.9421360301
1.573573574,0.9999998405,0.9999957182,1,0.9999083255,0.9045111626,0.9999456076,0.9800287822,0.5946046091,0.9425822416
1.575575576,0.999999843,0.9999957845,1,0.9999093956,0.9048189585,0.9999467271,0.9801429812,0.5951983647,0.9430251792
1.577577578,0.9999998455,0.9999958496,1,0.9999104526,0.9051256336,0.9999478235,0.9802564816,0.5957911475,0.9434648648
1.57957958,0.999999848,0.9999959137,1,0.9999114967,0.9054311926,0.9999488972,0.9803692879,0.5963829591,0.9439013196
1.581581582,0.9999998504,0.9999959768,1,0.9999125281,0.9057356398,0.9999499487,0.9804814046,0.596973801,0.9443345651
1.583583584,0.9999998527,0.9999960389,1,0.9999135468,0.9060389798,0.9999509785,0.9805928362,0.5975636745,0.9447646226
1.585585586,0.999999855,0.9999961,1,0.9999145532,0.9063412169,0.9999519869,0.980703587,0.5981525811,0.9451915132
1.587587588,0.9999998573,0.9999961601,1,0.9999155472,0.9066423555,0.9999529746,0.9808136616,0.5987405222,0.945615258
1.58958959,0.9999998596,0.9999962192,1,0.9999165292,0.9069424001,0.9999539418,0.9809230642,0.5993274993,0.9460358778
1.591591592,0.9999998618,0.9999962774,1,0.9999174991,0.9072413551,0.999954889,0.9810317992,0.5999135139,0.9464533935
1.593593594,0.9999998639,0.9999963347,1,0.9999184573,0.9075392247,0.9999558166,0.981139871,0.6004985673,0.9468678258
1.595595596,0.9999998661,0.9999963911,1,0.9999194038,0.9078360134,0.9999567251,0.9812472837,0.601082661,0.9472791954
1.597597598,0.9999998682,0.9999964465,1,0.9999203388,0.9081317254,0.9999576148,0.9813540417,0.6016657965,0.9476875228
1.5995996,0.9999998703,0.9999965011,1,0.9999212624,0.9084263651,0.9999584861,0.9814601493,0.6022479751,0.9480928282
1.601601602,0.9999998723,0.9999965548,1,0.9999221748,0.9087199367,0.9999593394,0.9815656105,0.6028291984,0.9484951321
1.603603604,0.9999998743,0.9999966077,1,0.9999230761,0.9090124446,0.999960175,0.9816704295,0.6034094678,0.9488944546
1.605605606,0.9999998763,0.9999966597,1,0.9999239665,0.9093038929,0.9999609934,0.9817746105,0.6039887846,0.9492908158
1.607607608,0.9999998782,0.9999967109,1,0.999924846,0.9095942858,0.9999617949,0.9818781577,0.6045671505,0.9496842357
1.60960961,0.9999998801,0.9999967613,1,0.999925715,0.9098836277,0.9999625799,0.981981075,0.6051445667,0.950074734
1.611611612,0.999999882,0.9999968108,1,0.9999265733,0.9101719227,0.9999633486,0.9820833666,0.6057210348,0.9504623307
1.613613614,0.9999998838,0.9999968596,1,0.9999274213,0.9104591749,0.9999641014,0.9821850365,0.6062965562,0.9508470452
1.615615616,0.9999998856,0.9999969077,1,0.9999282591,0.9107453886,0.9999648387,0.9822860887,0.6068711322,0.9512288973
1.617617618,0.9999998874,0.9999969549,1,0.9999290867,0.9110305678,0.9999655608,0.9823865271,0.6074447645,0.9516079062
1.61961962,0.9999998892,0.9999970014,1,0.9999299043,0.9113147167,0.9999662679,0.9824863558,0.6080174544,0.9519840914
1.621621622,0.9999998909,0.9999970472,1,0.999930712,0.9115978394,0.9999669605,0.9825855786,0.6085892033,0.952357472
1.623623624,0.9999998926,0.9999970922,1,0.9999315099,0.91187994,0.9999676387,0.9826841994,0.6091600127,0.9527280673
1.625625626,0.9999998943,0.9999971366,1,0.9999322983,0.9121610225,0.999968303,0.9827822221,0.6097298841,0.9530958961
1.627627628,0.9999998959,0.9999971802,1,0.9999330771,0.9124410911,0.9999689535,0.9828796506,0.6102988188,0.9534609774
1.62962963,0.9999998975,0.9999972231,1,0.9999338465,0.9127201497,0.9999695906,0.9829764886,0.6108668183,0.9538233301
1.631631632,0.9999998991,0.9999972654,1,0.9999346067,0.9129982024,0.9999702145,0.98307274,0.6114338841,0.9541829728
1.633633634,0.9999999007,0.999997307,1,0.9999353577,0.9132752531,0.9999708256,0.9831684085,0.6120000176,0.9545399241
1.635635636,0.9999999022,0.9999973479,1,0.9999360997,0.9135513059,0.999971424,0.9832634979,0.6125652202,0.9548942025
1.637637638,0.9999999037,0.9999973882,1,0.9999368327,0.9138263647,0.9999720101,0.9833580119,0.6131294934,0.9552458264
1.63963964,0.9999999052,0.9999974279,1,0.999937557,0.9141004334,0.9999725842,0.9834519541,0.6136928386,0.9555948141
1.641641642,0.9999999067,0.9999974669,1,0.9999382725,0.9143735161,0.9999731463,0.9835453283,0.6142552572,0.9559411837
1.643643644,0.9999999081,0.9999975053,1,0.9999389794,0.9146456166,0.9999736969,0.9836381381,0.6148167508,0.9562849534
1.645645646,0.9999999095,0.9999975432,1,0.9999396779,0.9149167388,0.9999742361,0.9837303871,0.6153773207,0.9566261412
1.647647648,0.9999999109,0.9999975804,1,0.999940368,0.9151868866,0.9999747642,0.9838220789,0.6159369683,0.9569647648
1.64964965,0.9999999123,0.999997617,1,0.9999410498,0.9154560639,0.9999752814,0.9839132171,0.6164956951,0.9573008421
1.651651652,0.9999999137,0.9999976531,1,0.9999417234,0.9157242746,0.9999757879,0.9840038051,0.6170535026,0.9576343908
1.653653654,0.999999915,0.9999976886,1,0.999942389,0.9159915224,0.999976284,0.9840938467,0.6176103921,0.9579654284
1.655655656,0.9999999163,0.9999977235,1,0.9999430466,0.9162578111,0.9999767698,0.9841833451,0.6181663652,0.9582939723
1.657657658,0.9999999176,0.9999977579,1,0.9999436963,0.9165231447,0.9999772456,0.984272304,0.6187214232,0.95862004
1.65965966,0.9999999188,0.9999977918,1,0.9999443383,0.9167875268,0.9999777117,0.9843607267,0.6192755676,0.9589436488
1.661661662,0.9999999201,0.9999978251,1,0.9999449726,0.9170509613,0.9999781681,0.9844486167,0.6198287997,0.9592648157
1.663663664,0.9999999213,0.9999978579,1,0.9999455993,0.9173134518,0.9999786151,0.9845359775,0.6203811212,0.9595835578
1.665665666,0.9999999225,0.9999978902,1,0.9999462185,0.9175750022,0.9999790529,0.9846228123,0.6209325333,0.9598998922
1.667667668,0.9999999237,0.999997922,1,0.9999468304,0.9178356161,0.9999794816,0.9847091245,0.6214830375,0.9602138356
1.66966967,0.9999999249,0.9999979533,1,0.999947435,0.9180952973,0.9999799015,0.9847949175,0.6220326353,0.9605254049
1.671671672,0.999999926,0.9999979841,1,0.9999480323,0.9183540495,0.9999803128,0.9848801946,0.622581328,0.9608346167
1.673673674,0.9999999272,0.9999980144,1,0.9999486226,0.9186118763,0.9999807156,0.9849649591,0.6231291172,0.9611414876
1.675675676,0.9999999283,0.9999980442,1,0.9999492058,0.9188687814,0.9999811101,0.9850492143,0.6236760041,0.961446034
1.677677678,0.9999999294,0.9999980736,1,0.999949782,0.9191247684,0.9999814965,0.9851329633,0.6242219904,0.9617482724
1.67967968,0.9999999304,0.9999981025,1,0.9999503515,0.9193798409,0.9999818749,0.9852162095,0.6247670773,0.9620482189
1.681681682,0.9999999315,0.999998131,1,0.9999509141,0.9196340027,0.9999822456,0.9852989561,0.6253112663,0.9623458898
1.683683684,0.9999999326,0.999998159,1,0.9999514701,0.9198872572,0.9999826085,0.9853812061,0.6258545589,0.9626413012
1.685685686,0.9999999336,0.9999981866,1,0.9999520195,0.9201396081,0.9999829641,0.9854629628,0.6263969565,0.962934469
1.687687688,0.9999999346,0.9999982138,1,0.9999525623,0.9203910589,0.9999833123,0.9855442294,0.6269384605,0.9632254091
1.68968969,0.9999999356,0.9999982406,1,0.9999530988,0.9206416131,0.9999836533,0.9856250089,0.6274790722,0.9635141374
1.691691692,0.9999999366,0.9999982669,1,0.9999536288,0.9208912744,0.9999839873,0.9857053045,0.6280187933,0.9638006695
1.693693694,0.9999999375,0.9999982928,1,0.9999541526,0.9211400462,0.9999843144,0.9857851192,0.628557625,0.964085021
1.695695696,0.9999999385,0.9999983183,1,0.9999546702,0.9213879321,0.9999846348,0.9858644561,0.6290955687,0.9643672074
1.697697698,0.9999999394,0.9999983434,1,0.9999551817,0.9216349355,0.9999849487,0.9859433182,0.629632626,0.9646472441
1.6996997,0.9999999403,0.9999983682,1,0.9999556871,0.9218810599,0.999985256,0.9860217085,0.6301687983,0.9649251465
1.701701702,0.9999999412,0.9999983925,1,0.9999561865,0.9221263088,0.999985557,0.9860996301,0.6307040869,0.9652009298
1.703703704,0.9999999421,0.9999984165,1,0.9999566801,0.9223706856,0.9999858519,0.9861770859,0.6312384932,0.965474609
1.705705706,0.999999943,0.9999984401,1,0.9999571678,0.9226141938,0.9999861407,0.9862540789,0.6317720188,0.9657461993
1.707707708,0.9999999439,0.9999984633,1,0.9999576497,0.9228568367,0.9999864235,0.986330612,0.6323046649,0.9660157156
1.70970971,0.9999999447,0.9999984862,1,0.999958126,0.9230986178,0.9999867005,0.9864066881,0.6328364331,0.9662831727
1.711711712,0.9999999455,0.9999985088,1,0.9999585967,0.9233395405,0.9999869719,0.9864823101,0.6333673247,0.9665485854
1.713713714,0.9999999464,0.9999985309,1,0.9999590618,0.9235796081,0.9999872376,0.986557481,0.6338973412,0.9668119684
1.715715716,0.9999999472,0.9999985528,1,0.9999595214,0.9238188241,0.9999874979,0.9866322036,0.6344264839,0.9670733362
1.717717718,0.999999948,0.9999985743,1,0.9999599757,0.9240571917,0.9999877528,0.9867064806,0.6349547543,0.9673327033
1.71971972,0.9999999487,0.9999985954,1,0.9999604246,0.9242947143,0.9999880025,0.986780315,0.6354821539,0.9675900841
1.721721722,0.9999999495,0.9999986163,1,0.9999608682,0.9245313952,0.9999882471,0.9868537095,0.6360086839,0.9678454929
1.723723724,0.9999999503,0.9999986368,1,0.9999613066,0.9247672377,0.9999884866,0.986926667,0.6365343458,0.968098944
1.725725726,0.999999951,0.999998657,1,0.9999617398,0.9250022451,0.9999887213,0.9869991901,0.637059141,0.9683504514
1.727727728,0.9999999518,0.9999986769,1,0.999962168,0.9252364208,0.9999889511,0.9870712817,0.637583071,0.9686000292
1.72972973,0.9999999525,0.9999986965,1,0.9999625912,0.9254697678,0.9999891761,0.9871429445,0.6381061371,0.9688476914
1.731731732,0.9999999532,0.9999987158,1,0.9999630093,0.9257022895,0.9999893966,0.9872141811,0.6386283408,0.9690934517
1.733733734,0.9999999539,0.9999987348,1,0.9999634226,0.9259339892,0.9999896125,0.9872849944,0.6391496834,0.969337324
1.735735736,0.9999999546,0.9999987535,1,0.9999638311,0.92616487,0.999989824,0.9873553868,0.6396701663,0.969579322
1.737737738,0.9999999553,0.9999987719,1,0.9999642348,0.9263949352,0.9999900312,0.9874253612,0.640189791,0.9698194592
1.73973974,0.9999999559,0.99999879,1,0.9999646337,0.926624188,0.9999902341,0.9874949201,0.6407085589,0.9700577491
1.741741742,0.9999999566,0.9999988079,1,0.999965028,0.9268526314,0.9999904329,0.9875640663,0.6412264713,0.9702942053
1.743743744,0.9999999572,0.9999988255,1,0.9999654177,0.9270802688,0.9999906275,0.9876328021,0.6417435296,0.9705288409
1.745745746,0.9999999579,0.9999988428,1,0.9999658028,0.9273071033,0.9999908182,0.9877011304,0.6422597353,0.9707616693
1.747747748,0.9999999585,0.9999988598,1,0.9999661834,0.9275331379,0.999991005,0.9877690536,0.6427750898,0.9709927036
1.74974975,0.9999999591,0.9999988766,1,0.9999665596,0.9277583759,0.9999911879,0.9878365743,0.6432895944,0.971221957
1.751751752,0.9999999597,0.9999988932,1,0.9999669314,0.9279828203,0.9999913671,0.987903695,0.6438032506,0.9714494423
1.753753754,0.9999999603,0.9999989094,1,0.9999672989,0.9282064742,0.9999915426,0.9879704182,0.6443160596,0.9716751726
1.755755756,0.9999999609,0.9999989255,1,0.9999676621,0.9284293408,0.9999917145,0.9880367465,0.644828023,0.9718991606
1.757757758,0.9999999615,0.9999989413,1,0.9999680211,0.9286514231,0.9999918829,0.9881026824,0.6453391421,0.9721214191
1.75975976,0.9999999621,0.9999989568,1,0.9999683759,0.9288727242,0.9999920478,0.9881682282,0.6458494184,0.9723419608
1.761761762,0.9999999626,0.9999989721,1,0.9999687265,0.9290932471,0.9999922094,0.9882333865,0.6463588531,0.9725607982
1.763763764,0.9999999632,0.9999989872,1,0.9999690731,0.9293129948,0.9999923676,0.9882981598,0.6468674477,0.9727779438
1.765765766,0.9999999637,0.999999002,1,0.9999694157,0.9295319704,0.9999925226,0.9883625503,0.6473752036,0.9729934101
1.767767768,0.9999999643,0.9999990167,1,0.9999697543,0.9297501769,0.9999926744,0.9884265606,0.6478821221,0.9732072093
1.76976977,0.9999999648,0.9999990311,1,0.9999700889,0.9299676173,0.9999928232,0.988490193,0.6483882046,0.9734193538
1.771771772,0.9999999653,0.9999990453,1,0.9999704197,0.9301842946,0.9999929688,0.9885534498,0.6488934526,0.9736298557
1.773773774,0.9999999658,0.9999990592,1,0.9999707466,0.9304002117,0.9999931115,0.9886163336,0.6493978674,0.9738387271
1.775775776,0.9999999663,0.999999073,1,0.9999710698,0.9306153717,0.9999932513,0.9886788465,0.6499014504,0.97404598
1.777777778,0.9999999668,0.9999990865,1,0.9999713892,0.9308297773,0.9999933882,0.9887409909,0.6504042029,0.9742516263
1.77977978,0.9999999673,0.9999990999,1,0.9999717049,0.9310434317,0.9999935223,0.9888027692,0.6509061264,0.974455678
1.781781782,0.9999999678,0.999999113,1,0.999972017,0.9312563377,0.9999936537,0.9888641836,0.6514072222,0.9746581467
1.783783784,0.9999999683,0.9999991259,1,0.9999723255,0.9314684982,0.9999937824,0.9889252364,0.6519074917,0.9748590442
1.785785786,0.9999999688,0.9999991387,1,0.9999726304,0.9316799162,0.9999939084,0.9889859298,0.6524069363,0.9750583821
1.787787788,0.9999999692,0.9999991512,1,0.9999729317,0.9318905944,0.9999940319,0.9890462662,0.6529055572,0.9752561719
1.78978979,0.9999999697,0.9999991636,1,0.9999732296,0.9321005359,0.9999941528,0.9891062478,0.6534033561,0.9754524251
1.791791792,0.9999999701,0.9999991758,1,0.9999735241,0.9323097434,0.9999942713,0.9891658767,0.653900334,0.9756471531
1.793793794,0.9999999705,0.9999991878,1,0.9999738152,0.9325182198,0.9999943873,0.9892251552,0.6543964926,0.9758403672
1.795795796,0.999999971,0.9999991996,1,0.9999741029,0.9327259679,0.999994501,0.9892840855,0.654891833,0.9760320787
1.797797798,0.9999999714,0.9999992112,1,0.9999743873,0.9329329906,0.9999946124,0.9893426698,0.6553863568,0.9762222986
1.7997998,0.9999999718,0.9999992227,1,0.9999746684,0.9331392906,0.9999947214,0.9894009102,0.6558800651,0.9764110382
1.801801802,0.9999999722,0.999999234,1,0.9999749463,0.9333448709,0.9999948283,0.9894588089,0.6563729595,0.9765983083
1.803803804,0.9999999726,0.9999992451,1,0.999975221,0.9335497341,0.9999949329,0.9895163679,0.6568650413,0.97678412
1.805805806,0.999999973,0.999999256,1,0.9999754925,0.9337538831,0.9999950355,0.9895735895,0.6573563118,0.976968484
1.807807808,0.9999999734,0.9999992668,1,0.999975761,0.9339573206,0.9999951359,0.9896304758,0.6578467724,0.9771514113
1.80980981,0.9999999738,0.9999992774,1,0.9999760263,0.9341600493,0.9999952343,0.9896870287,0.6583364244,0.9773329124
1.811811812,0.9999999742,0.9999992879,1,0.9999762886,0.9343620721,0.9999953307,0.9897432505,0.6588252693,0.9775129982
1.813813814,0.9999999746,0.9999992982,1,0.9999765479,0.9345633916,0.9999954251,0.9897991431,0.6593133083,0.977691679
1.815815816,0.999999975,0.9999993083,1,0.9999768042,0.9347640106,0.9999955176,0.9898547087,0.6598005428,0.9778689654
1.817817818,0.9999999753,0.9999993183,1,0.9999770576,0.9349639318,0.9999956081,0.9899099492,0.6602869742,0.9780448679
1.81981982,0.9999999757,0.9999993282,1,0.9999773081,0.9351631578,0.9999956969,0.9899648667,0.6607726038,0.9782193968
1.821821822,0.999999976,0.9999993379,1,0.9999775557,0.9353616914,0.9999957838,0.9900194632,0.6612574329,0.9783925624
1.823823824,0.9999999764,0.9999993474,1,0.9999778005,0.9355595353,0.999995869,0.9900737407,0.661741463,0.9785643749
1.825825826,0.9999999767,0.9999993569,1,0.9999780425,0.9357566921,0.9999959524,0.9901277012,0.6622246954,0.9787348445
1.827827828,0.9999999771,0.9999993661,1,0.9999782817,0.9359531644,0.9999960341,0.9901813467,0.6627071313,0.9789039812
1.82982983,0.9999999774,0.9999993753,1,0.9999785182,0.9361489549,0.9999961142,0.9902346791,0.6631887722,0.979071795
1.831831832,0.9999999777,0.9999993843,1,0.999978752,0.9363440663,0.9999961926,0.9902877003,0.6636696194,0.9792382959
1.833833834,0.999999978,0.9999993931,1,0.9999789831,0.9365385011,0.9999962695,0.9903404123,0.6641496742,0.9794034938
1.835835836,0.9999999784,0.9999994018,1,0.9999792116,0.9367322619,0.9999963447,0.9903928171,0.664628938,0.9795673983
1.837837838,0.9999999787,0.9999994104,1,0.9999794375,0.9369253515,0.9999964185,0.9904449164,0.6651074121,0.9797300194
1.83983984,0.999999979,0.9999994189,1,0.9999796608,0.9371177723,0.9999964907,0.9904967123,0.6655850979,0.9798913666
1.841841842,0.9999999793,0.9999994273,1,0.9999798815,0.9373095269,0.9999965615,0.9905482066,0.6660619966,0.9800514496
1.843843844,0.9999999796,0.9999994355,1,0.9999800998,0.9375006179,0.9999966308,0.9905994012,0.6665381096,0.9802102779
1.845845846,0.9999999799,0.9999994436,1,0.9999803156,0.9376910478,0.9999966987,0.9906502979,0.6670134383,0.9803678608
1.847847848,0.9999999802,0.9999994516,1,0.9999805289,0.9378808192,0.9999967652,0.9907008986,0.667487984,0.980524208
1.84984985,0.9999999805,0.9999994594,1,0.9999807398,0.9380699347,0.9999968304,0.9907512052,0.6679617479,0.9806793286
1.851851852,0.9999999807,0.9999994672,1,0.9999809483,0.9382583967,0.9999968942,0.9908012193,0.6684347315,0.980833232
1.853853854,0.999999981,0.9999994748,1,0.9999811545,0.9384462077,0.9999969568,0.9908509429,0.668906936,0.9809859273
1.855855856,0.9999999813,0.9999994823,1,0.9999813583,0.9386333703,0.9999970181,0.9909003778,0.6693783628,0.9811374238
1.857857858,0.9999999816,0.9999994897,1,0.9999815598,0.938819887,0.9999970781,0.9909495257,0.6698490133,0.9812877304
1.85985986,0.9999999818,0.999999497,1,0.999981759,0.9390057602,0.9999971369,0.9909983884,0.6703188886,0.9814368562
1.861861862,0.9999999821,0.9999995042,1,0.9999819559,0.9391909924,0.9999971945,0.9910469677,0.6707879902,0.9815848102
1.863863864,0.9999999823,0.9999995113,1,0.9999821507,0.939375586,0.9999972509,0.9910952653,0.6712563193,0.9817316012
1.865865866,0.9999999826,0.9999995182,1,0.9999823432,0.9395595436,0.9999973062,0.991143283,0.6717238773,0.9818772381
1.867867868,0.9999999829,0.9999995251,1,0.9999825335,0.9397428675,0.9999973604,0.9911910225,0.6721906655,0.9820217295
1.86986987,0.9999999831,0.9999995319,1,0.9999827217,0.9399255603,0.9999974135,0.9912384855,0.6726566852,0.9821650844
1.871871872,0.9999999833,0.9999995385,1,0.9999829078,0.9401076242,0.9999974655,0.9912856737,0.6731219377,0.9823073111
1.873873874,0.9999999836,0.9999995451,1,0.9999830918,0.9402890617,0.9999975164,0.9913325889,0.6735864244,0.9824484184
1.875875876,0.9999999838,0.9999995516,1,0.9999832737,0.9404698752,0.9999975663,0.9913792326,0.6740501464,0.9825884148
1.877877878,0.999999984,0.999999558,1,0.9999834535,0.9406500672,0.9999976152,0.9914256067,0.6745131052,0.9827273087
1.87987988,0.9999999843,0.9999995643,1,0.9999836314,0.9408296399,0.9999976631,0.9914717127,0.6749753021,0.9828651086
1.881881882,0.9999999845,0.9999995704,1,0.9999838072,0.9410085958,0.99999771,0.9915175522,0.6754367383,0.9830018226
1.883883884,0.9999999847,0.9999995765,1,0.999983981,0.9411869372,0.999997756,0.9915631271,0.6758974151,0.9831374593
1.885885886,0.9999999849,0.9999995826,1,0.9999841529,0.9413646664,0.9999978011,0.9916084387,0.6763573339,0.9832720267
1.887887888,0.9999999852,0.9999995885,1,0.9999843228,0.9415417858,0.9999978452,0.9916534889,0.6768164959,0.983405533
1.88988989,0.9999999854,0.9999995943,1,0.9999844909,0.9417182978,0.9999978884,0.9916982792,0.6772749025,0.9835379863
1.891891892,0.9999999856,0.9999996001,1,0.999984657,0.9418942046,0.9999979308,0.9917428111,0.6777325549,0.9836693948
1.893893894,0.9999999858,0.9999996057,1,0.9999848213,0.9420695086,0.9999979723,0.9917870864,0.6781894545,0.9837997662
1.895895896,0.999999986,0.9999996113,1,0.9999849838,0.9422442121,0.999998013,0.9918311065,0.6786456024,0.9839291087
1.897897898,0.9999999862,0.9999996168,1,0.9999851444,0.9424183173,0.9999980528,0.991874873,0.6791010001,0.9840574301
1.8998999,0.9999999864,0.9999996222,1,0.9999853032,0.9425918265,0.9999980918,0.9919183876,0.6795556488,0.9841847381
1.901901902,0.9999999866,0.9999996276,1,0.9999854603,0.9427647421,0.9999981301,0.9919616516,0.6800095498,0.9843110406
1.903903904,0.9999999868,0.9999996328,1,0.9999856155,0.9429370662,0.9999981675,0.9920046668,0.6804627044,0.9844363453
1.905905906,0.9999999869,0.999999638,1,0.9999857691,0.9431088011,0.9999982042,0.9920474345,0.6809151138,0.9845606598
1.907907908,0.9999999871,0.9999996431,1,0.9999859209,0.9432799491,0.9999982402,0.9920899564,0.6813667794,0.9846839917
1.90990991,0.9999999873,0.9999996482,1,0.999986071,0.9434505125,0.9999982754,0.9921322339,0.6818177024,0.9848063485
1.911911912,0.9999999875,0.9999996531,1,0.9999862195,0.9436204933,0.9999983099,0.9921742685,0.6822678841,0.9849277378
1.913913914,0.9999999877,0.999999658,1,0.9999863663,0.9437898939,0.9999983438,0.9922160617,0.6827173257,0.985048167
1.915915916,0.9999999878,0.9999996628,1,0.9999865114,0.9439587165,0.9999983769,0.9922576151,0.6831660287,0.9851676434
1.917917918,0.999999988,0.9999996676,1,0.999986655,0.9441269632,0.9999984094,0.99229893,0.6836139941,0.9852861744
1.91991992,0.9999999882,0.9999996722,1,0.9999867969,0.9442946363,0.9999984412,0.9923400079,0.6840612234,0.9854037673
1.921921922,0.9999999883,0.9999996769,1,0.9999869373,0.9444617378,0.9999984724,0.9923808503,0.6845077177,0.9855204292
1.923923924,0.9999999885,0.9999996814,1,0.999987076,0.9446282701,0.9999985029,0.9924214586,0.6849534784,0.9856361675
1.925925926,0.9999999887,0.9999996859,1,0.9999872133,0.9447942353,0.9999985328,0.9924618342,0.6853985067,0.985750989
1.927927928,0.9999999888,0.9999996903,1,0.999987349,0.9449596354,0.9999985621,0.9925019786,0.6858428039,0.985864901
1.92992993,0.999999989,0.9999996946,1,0.9999874832,0.9451244727,0.9999985909,0.9925418932,0.6862863712,0.9859779105
1.931931932,0.9999999891,0.9999996989,1,0.9999876159,0.9452887493,0.999998619,0.9925815794,0.6867292099,0.9860900243
1.933933934,0.9999999893,0.9999997031,1,0.9999877472,0.9454524673,0.9999986466,0.9926210385,0.6871713212,0.9862012495
1.935935936,0.9999999894,0.9999997073,1,0.999987877,0.9456156288,0.9999986736,0.992660272,0.6876127065,0.9863115929
1.937937938,0.9999999896,0.9999997114,1,0.9999880053,0.945778236,0.9999987001,0.9926992813,0.6880533669,0.9864210612
1.93993994,0.9999999897,0.9999997154,1,0.9999881322,0.9459402909,0.999998726,0.9927380677,0.6884933038,0.9865296614
1.941941942,0.9999999899,0.9999997194,1,0.9999882577,0.9461017957,0.9999987514,0.9927766325,0.6889325184,0.9866374
1.943943944,0.99999999,0.9999997233,1,0.9999883818,0.9462627524,0.9999987764,0.9928149772,0.6893710119,0.9867442837
1.945945946,0.9999999902,0.9999997272,1,0.9999885046,0.946423163,0.9999988008,0.992853103,0.6898087856,0.9868503192
1.947947948,0.9999999903,0.999999731,1,0.999988626,0.9465830297,0.9999988247,0.9928910113,0.6902458407,0.986955513
1.94994995,0.9999999904,0.9999997348,1,0.999988746,0.9467423546,0.9999988481,0.9929287034,0.6906821786,0.9870598717
1.951951952,0.9999999906,0.9999997385,1,0.9999888647,0.9469011396,0.9999988711,0.9929661807,0.6911178003,0.9871634017
1.953953954,0.9999999907,0.9999997421,1,0.9999889821,0.9470593868,0.9999988936,0.9930034444,0.6915527072,0.9872661094
1.955955956,0.9999999908,0.9999997457,1,0.9999890982,0.9472170982,0.9999989156,0.9930404958,0.6919869005,0.9873680012
1.957957958,0.999999991,0.9999997492,1,0.9999892131,0.9473742759,0.9999989372,0.9930773363,0.6924203815,0.9874690834
1.95995996,0.9999999911,0.9999997527,1,0.9999893266,0.9475309218,0.9999989584,0.9931139671,0.6928531514,0.9875693624
1.961961962,0.9999999912,0.9999997562,1,0.9999894389,0.9476870381,0.9999989791,0.9931503895,0.6932852114,0.9876688443
1.963963964,0.9999999913,0.9999997596,1,0.99998955,0.9478426266,0.9999989994,0.9931866047,0.6937165627,0.9877675354
1.965965966,0.9999999915,0.9999997629,1,0.9999896598,0.9479976893,0.9999990193,0.9932226141,0.6941472067,0.9878654418
1.967967968,0.9999999916,0.9999997662,1,0.9999897684,0.9481522284,0.9999990388,0.9932584188,0.6945771445,0.9879625696
1.96996997,0.9999999917,0.9999997694,1,0.9999898759,0.9483062456,0.9999990579,0.9932940201,0.6950063773,0.9880589248
1.971971972,0.9999999918,0.9999997726,1,0.9999899821,0.9484597431,0.9999990767,0.9933294192,0.6954349064,0.9881545135
1.973973974,0.9999999919,0.9999997758,1,0.9999900872,0.9486127227,0.999999095,0.9933646174,0.695862733,0.9882493416
1.975975976,0.999999992,0.9999997789,1,0.9999901911,0.9487651863,0.999999113,0.9933996159,0.6962898584,0.9883434151
1.977977978,0.9999999921,0.999999782,1,0.9999902939,0.948917136,0.9999991307,0.9934344159,0.6967162837,0.9884367397
1.97997998,0.9999999923,0.999999785,1,0.9999903956,0.9490685737,0.9999991479,0.9934690185,0.6971420102,0.9885293215
1.981981982,0.9999999924,0.999999788,1,0.9999904961,0.9492195013,0.9999991648,0.9935034251,0.6975670391,0.9886211661
1.983983984,0.9999999925,0.9999997909,1,0.9999905956,0.9493699207,0.9999991814,0.9935376367,0.6979913716,0.9887122793
1.985985986,0.9999999926,0.9999997938,1,0.9999906939,0.9495198338,0.9999991977,0.9935716546,0.6984150089,0.9888026668
1.987987988,0.9999999927,0.9999997966,1,0.9999907912,0.9496692426,0.9999992136,0.9936054799,0.6988379523,0.9888923342
1.98998999,0.9999999928,0.9999997994,1,0.9999908874,0.9498181488,0.9999992292,0.9936391138,0.6992602029,0.9889812873
1.991991992,0.9999999929,0.9999998022,1,0.9999909825,0.9499665545,0.9999992445,0.9936725574,0.699681762,0.9890695314
1.993993994,0.999999993,0.9999998049,1,0.9999910767,0.9501144614,0.9999992595,0.9937058119,0.7001026307,0.9891570723
1.995995996,0.9999999931,0.9999998076,1,0.9999911697,0.9502618715,0.9999992742,0.9937388785,0.7005228104,0.9892439154
1.997997998,0.9999999932,0.9999998103,1,0.9999912618,0.9504087866,0.9999992886,0.9937717582,0.7009423021,0.9893300662
2,0.9999999933,0.9999998129,1,0.9999913529,0.9505552086,0.9999993027,0.9938044523,0.7013611071,0.98941553